satelite_id,Datetime,a0,a1,a2,IODEC,C_rs,Delta n0,M0,C_uc,e,C_us,sqrt(A),T_oe,C_ic,OMEGA0,C_is,i0,C_rc,omega,OMEGA DOT,IDOT,Spare1,IRN Week,Spare2,User Range accurracy,Health,TGD,Spare3,t_tm
I02,2025-03-23 00:00:00,0.0006443117745220999,1.125499693444e-11,0.0,0.0,22.0,3.944450016462e-09,2.98596732445,9.201467037201e-07,0.002125281840563,7.111579179764e-06,6493.32399559,0.0,6.332993507385e-08,1.17615127293,-1.639127731323e-07,0.5039511635659001,-138.1875,3.082765605996,-3.5015744260580005e-09,-6.868143228591001e-10,2359.0,,,2.0,0.0,-1.862645149231e-09,,12.0
I02,2025-03-23 00:05:36,0.0006443164311349,1.1368683772159999e-11,0.0,161.0,23.1875,3.945878647398e-09,3.010470611259,9.573996067047e-07,0.002125426428393,7.200986146926999e-06,6493.323791504,336.0,6.705522537231e-08,1.176150096744,-1.676380634308e-07,0.5039509280361,-141.1875,3.082765920523,-3.4987171641850002e-09,-6.864571651249e-10,2359.0,,,2.0,0.0,-1.862645149231e-09,,636.0
I02,2025-03-23 00:20:48,0.0006443280726671001,1.2278178473929998e-11,0.0,162.0,25.4375,3.945878647398e-09,3.07700769795,1.024454832077e-06,0.0021261636866260003,7.450580596924e-06,6493.322057724,1248.0,8.195638656615999e-08,1.176146892953,-1.7136335372919998e-07,0.5039503677385001,-149.25,3.082738730728,-3.4858594857540002e-09,-6.853856919223001e-10,2359.0,,,2.0,0.0,-1.862645149231e-09,,1500.0
I02,2025-03-23 00:36:00,0.0006443369202316,1.045918907039e-11,0.0,163.0,26.25,3.945878647398e-09,-3.1396691694,1.050531864166e-06,0.002126850304194,7.685273885727e-06,6493.320392609,2160.0,9.685754776001e-08,1.176143703792,-1.7508864402769998e-07,0.5039498162184,-156.6875,3.082740219978,-3.471573176386e-09,-6.850285341881e-10,2359.0,,,2.0,0.0,-1.862645149231e-09,,2316.0
I02,2025-03-23 00:50:24,0.0006443443708122001,9.322320693172999e-12,0.0,164.0,25.9375,3.941592754588e-09,-3.076669314758,1.0393559932709998e-06,0.0021274259779600004,7.87153840065e-06,6493.318954468,3024.0,1.1548399925229999e-07,1.17614071505,-1.7508864402769998e-07,0.5039492720128,-162.5625,3.082749847442,-3.4587154979550003e-09,-6.853856919223001e-10,2359.0,,,2.0,0.0,-1.862645149231e-09,,3228.0
I02,2025-03-23 01:05:36,0.0006443541496992001,8.867573342286e-12,0.0,165.0,24.75,3.935878230841e-09,-3.010182627058,1.005828380585e-06,0.0021284058457240003,8.020550012588999e-06,6493.3161544800005,3936.0,1.303851604462e-07,1.176137590257,-1.7136335372919998e-07,0.5039487175669,-167.0625,3.082773295093,-3.4472864504610003e-09,-6.857428496565e-10,2359.0,,,2.0,0.0,-1.862645149231e-09,,4140.0
I02,2025-03-23 01:20:48,0.000644366722554,1.2278178473929998e-11,0.0,166.0,23.5625,3.925877814283e-09,-2.943727610071,9.685754776001e-07,0.0021280195796860002,8.11368227005e-06,6493.317575455,4848.0,1.4528632163999998e-07,1.176134484482,-1.639127731323e-07,0.5039481938422,-169.5625,3.082828015544,-3.433000141093e-09,-6.868143228591001e-10,2359.0,,,2.0,0.0,-1.862645149231e-09,,5052.0
I02,2025-03-23 01:36:00,0.0006443778984249,1.1823431123050001e-11,0.0,167.0,22.9375,3.913020135852e-09,-2.877230453729,9.387731552124e-07,0.002128071151674,8.147209882736e-06,6493.317436218,5760.0,1.564621925354e-07,1.176131353837,-1.527369022369e-07,0.5039475560099,-170.0,3.08284088776,-3.4201424626620003e-09,-6.882429537959001e-10,2359.0,,,2.0,0.0,-1.862645149231e-09,,5964.0
I02,2025-03-23 01:50:24,0.0006443872116506001,1.0913936421279999e-11,0.0,168.0,23.1875,3.897305195548e-09,-2.814218391035,9.350478649138999e-07,0.002127987332642,8.136034011841e-06,6493.317605972,6624.0,1.676380634308e-07,1.176128461648,-1.415610313416e-07,0.5039471098199,-168.8125,3.08283823549,-3.4087134151670002e-09,-6.896715847326e-10,2359.0,,,2.0,0.0,-1.862645149231e-09,,6828.0
I02,2025-03-23 02:05:36,0.0006443983875215,1.1709744285329999e-11,0.0,169.0,24.8125,3.880161624306e-09,-2.747664141389,9.685754776001e-07,0.002127734711394,8.083879947662e-06,6493.318271637,7536.0,1.7508864402769998e-07,1.176125410001,-1.303851604462e-07,0.503946536356,-166.375,3.08279393833,-3.3972843676730002e-09,-6.918145311378e-10,2359.0,,,2.0,0.0,-1.862645149231e-09,,7740.0
I02,2025-03-23 02:20:48,0.0006444081664085,1.114131009672e-11,0.0,170.0,27.875,3.858732160254e-09,-2.681068546752,1.0393559932709998e-06,0.002127394662239,8.013099431991999e-06,6493.319169998,8448.0,1.825392246246e-07,1.176122304226,-1.1548399925229999e-07,0.503945859025,-163.375,3.082708357623,-3.385855320179e-09,-6.93957477543e-10,2359.0,,,2.0,0.0,-1.862645149231e-09,,8652.0
I02,2025-03-23 02:36:00,0.0006444184109569,1.125499693444e-11,0.0,171.0,32.125,3.83873132714e-09,-2.614481390227,1.1436641216279999e-06,0.002127008046955,7.938593626022e-06,6493.320152283,9360.0,1.825392246246e-07,1.176119335965,-1.0058283805849999e-07,0.5039453440778,-160.3125,3.08263092098,-3.3758549036210005e-09,-6.964575816824e-10,2359.0,,,2.0,0.0,-1.862645149231e-09,,9564.0
I02,2025-03-23 02:50:24,0.0006444277241826,1.045918907039e-11,0.0,172.0,37.0625,3.817301863088e-09,-2.551317921364,1.266598701477e-06,0.002126738312654,7.875263690947998e-06,6493.320997238,10224.0,1.862645149231e-07,1.176116505219,-8.940696716309e-08,0.5039448101127001,-157.9375,3.08247697811,-3.365854487064e-09,-6.989576858217001e-10,2359.0,,,2.0,0.0,-1.862645149231e-09,,10476.0
I02,2025-03-23 03:05:36,0.0006444384343921999,1.0913936421279999e-11,0.0,173.0,42.5,3.797301029973e-09,-2.484646173063,1.4118850231169998e-06,0.002126192674041,7.826834917068e-06,6493.322702408001,11136.0,1.825392246246e-07,1.176113589623,-7.450580596924e-08,0.5039442293342,-156.125,3.082314825345,-3.3558540705060003e-09,-7.021721054295e-10,2359.0,,,2.0,0.0,-1.862645149231e-09,,11339.999999999998
I02,2025-03-23 03:20:48,0.0006444482132792,1.0686562745829999e-11,0.0,174.0,47.875,3.7787288277950006e-09,-2.417978967124,1.553446054459e-06,0.002125846222043,7.800757884979e-06,6493.323839188,12048.000000000002,1.788139343262e-07,1.176110612585,-5.960464477539e-08,0.5039436353895,-155.3125,3.082157342213,-3.3472822848860002e-09,-7.053865250373e-10,2359.0,,,2.0,0.0,-1.862645149231e-09,,12252.0
I02,2025-03-23 03:36:00,0.000644457526505,9.777068044059e-12,0.0,175.0,52.625,3.761585256553e-09,-2.35137088063,1.683831214905e-06,0.002125692903064,7.800757884979e-06,6493.324321747,12960.0,1.7136335372919998e-07,1.176107558012,-4.842877388e-08,0.5039429800022001,-155.3125,3.082059034118,-3.338710499265e-09,-7.08600944645e-10,2359.0,,,2.0,0.0,-1.862645149231e-09,,13164.0
I02,2025-03-23 03:50:24,0.0006444663740695,1.0800249583549998e-11,0.0,176.0,56.125,3.748727578122e-09,-2.288169958138,1.7806887626650001e-06,0.002125232014805,7.811933755875e-06,6493.326044083,13824.0,1.639127731323e-07,1.176104784319,-3.725290298462e-08,0.5039424211675,-155.8125,3.081867034898,-3.3315673445810003e-09,-7.12172521987e-10,2359.0,,,2.0,0.0,-1.862645149231e-09,,14076.0
I02,2025-03-23 04:05:36,0.0006444742903113001,9.094947017729e-12,0.0,177.0,58.625,3.738727161565e-09,-2.221592707031,1.8514692783359999e-06,0.002125248196535,7.834285497665e-06,6493.326143265,14736.0,1.564621925354e-07,1.176101870187,-2.9802322387700004e-08,0.5039418257598001,-156.5625,3.081799471489,-3.324424189897e-09,-7.153869415948e-10,2359.0,,,2.0,0.0,-1.862645149231e-09,,14940.0
I02,2025-03-23 04:20:48,0.0006444836035371,9.549694368616e-12,0.0,178.0,59.75,3.731584006881e-09,-2.155051897213,1.884996891022e-06,0.0021252302685750004,7.849186658858999e-06,6493.326274872001,15648.0,1.4528632163999998e-07,1.176098877056,-2.607703208923e-08,0.5039411732984,-157.1875,3.081768276224,-3.3201382970870003e-09,-7.186013612025001e-10,2359.0,,,2.0,0.0,-1.862645149231e-09,,15852.0
I02,2025-03-23 04:36:00,0.0006444933824241,1.0800249583549998e-11,0.0,179.0,59.6875,3.728726745007e-09,-2.088660025622,1.8812716007229998e-06,0.002125366008841,7.852911949158e-06,6493.325345993,16560.0,1.3783574104309998e-07,1.176095949757,-2.607703208923e-08,0.5039405500953,-157.25,3.081885887523,-3.315852404276e-09,-7.207443076077001e-10,2359.0,,,2.0,0.0,-1.862645149231e-09,,16764.0
I02,2025-03-23 04:50:24,0.0006445036269723999,1.114131009672e-11,0.0,180.0,58.6875,3.730155375944e-09,-2.025634635745,1.8514692783359999e-06,0.002125312224962,7.834285497665e-06,6493.3256320949995,17424.0,1.341104507446e-07,1.176093186305,-2.607703208923e-08,0.5039399576133999,-156.625,3.08186947212,-3.3144237733400005e-09,-7.221729385445001e-10,2359.0,,,2.8,0.0,-1.862645149231e-09,,17676.0
I02,2025-03-23 05:05:36,0.0006445115432143,9.663381206337e-12,0.0,181.0,57.0625,3.731584006881e-09,-1.959143587086,1.7993152141569999e-06,0.0021254207240420002,7.793307304381999e-06,6493.325515747,18336.0,1.303851604462e-07,1.176089760151,-2.9802322387700004e-08,0.5039391237501001,-155.1875,3.081888561738,-3.312995142403e-09,-7.236015694813001e-10,2359.0,,,2.8,0.0,-1.862645149231e-09,,18588.0
I02,2025-03-23 05:20:48,0.0006445217877626001,1.1027623258999999e-11,0.0,182.0,54.875,3.737298530628001e-09,-1.892757214604,1.732259988785e-06,0.0021253951126709997,7.715076208115e-06,6493.325019836,19248.0,1.341104507446e-07,1.176087179563,-2.9802322387700004e-08,0.5039385853963,-152.625,3.08201122303,-3.3144237733400005e-09,-7.228872540129001e-10,2359.0,,,2.0,0.0,-1.862645149231e-09,,19452.0
I02,2025-03-23 05:36:00,0.0006445306353271001,1.0004441719499999e-11,0.0,183.0,52.625,3.745870316249e-09,-1.826427196652,1.661479473114e-06,0.002125483122654,7.607042789459e-06,6493.324056625,20160.0,1.415610313416e-07,1.176084103046,-2.607703208923e-08,0.5039379329348,-149.0625,3.082190867907,-3.315852404276e-09,-7.207443076077001e-10,2359.0,,,2.8,0.0,-1.862645149231e-09,,20364.0
I02,2025-03-23 05:50:24,0.0006445394828916,1.0004441719499999e-11,0.0,184.0,50.5625,3.754442101869e-09,-1.763610929451,1.594424247742e-06,0.002125552622601,7.476657629013e-06,6493.323066710999,21024.0,1.4528632163999998e-07,1.176081175747,-2.2351741790770002e-08,0.5039373009542001,-144.875,3.082383804858,-3.3187096661500003e-09,-7.175298879999e-10,2359.0,,,2.8,0.0,-1.862645149231e-09,,21276.0
I02,2025-03-23 06:05:36,0.0006445487961173,9.777068044059e-12,0.0,185.0,48.75,3.763013887490001e-09,-1.697298687417,1.5348196029659999e-06,0.002125571598299,7.316470146179e-06,6493.322137833,21936.0,1.527369022369e-07,1.176078178228,-1.117587089539e-08,0.503936661659,-139.6875,3.082581187617,-3.3201382970870003e-09,-7.128868374554e-10,2359.0,,,2.8,0.0,-1.862645149231e-09,,22140.0
I02,2025-03-23 06:20:48,0.0006445599719882001,1.1709744285329999e-11,0.0,186.0,47.375,3.773014304047e-09,-1.631084264864,1.490116119385e-06,0.0021256121108310004,7.133930921554999e-06,6493.320545197,22848.0,1.601874828339e-07,1.176074778407,-3.725290298462e-09,0.5039359814021,-133.9375,3.082876841898,-3.3215669280240003e-09,-7.071723137082e-10,2359.0,,,2.0,0.0,-1.862645149231e-09,,23052.0
I02,2025-03-23 06:36:00,0.0006445683538914001,1.034550223267e-11,0.0,187.0,46.5625,3.783014720605001e-09,-1.564827416223,1.464039087296e-06,0.002125642611645,6.936490535735999e-06,6493.3192691799995,23760.0,1.639127731323e-07,1.176071766258,1.4901161193850002e-08,0.5039353464956,-127.6875,3.083129850654,-3.3229955589600006e-09,-7.003863167585001e-10,2359.0,,,2.0,0.0,-1.862645149231e-09,,23964.0
I02,2025-03-23 06:50:24,0.0006445804610848,1.26192389871e-11,0.0,188.0,46.4375,3.7915865062260006e-09,-1.502085428687,1.464039087296e-06,0.0021255392348390003,6.742775440215999e-06,6493.317905426,24624.0,1.639127731323e-07,1.176068714611,3.3527612686160006e-08,0.5039347320701001,-121.50000000000001,3.083397235506,-3.3229955589600006e-09,-6.936003198088e-10,2359.0,,,2.0,0.0,-1.862645149231e-09,,24876.0
I02,2025-03-23 07:05:36,0.0006445897743106001,1.1709744285329999e-11,0.0,189.0,47.375,3.8044441846570005e-09,-1.435828307944,1.50129199028e-06,0.002125544124283,6.556510925292999e-06,6493.3166046139995,25536.0,1.676380634308e-07,1.176065563486,4.4703483581540004e-08,0.503934089849,-115.4375,3.083650296927,-3.327281451771e-09,-6.846713764539001e-10,2359.0,,,2.0,0.0,-1.862645149231e-09,,25740.0
I02,2025-03-23 07:20:48,0.0006446014158428,1.2391865311659999e-11,0.0,190.0,48.8125,3.813015970277e-09,-1.369568318418,1.5497207641599998e-06,0.00212550687138,6.351619958878e-06,6493.315408707,26448.0,1.601874828339e-07,1.176062991676,5.960464477539e-08,0.5039334505538,-108.74999999999999,3.083899986321,-3.324424189897e-09,-6.782425372384e-10,2359.0,,,2.0,0.0,-1.862645149231e-09,,26700.0
I02,2025-03-23 07:36:00,0.000644613057375,1.2278178473929998e-11,0.0,191.0,51.0,3.821587755898e-09,-1.303372455906,1.6205012798309997e-06,0.0021253145532679997,6.157904863358e-06,6493.31370163,27360.000000000004,1.4901161193850001e-07,1.176059246605,7.078051567078001e-08,0.5039328668495,-102.25,3.084214718517,-3.3215669280240003e-09,-6.718136980228e-10,2359.0,,,2.0,0.0,-1.862645149231e-09,,27564.000000000004
I02,2025-03-23 07:50:24,0.0006446237675846,1.205080479849e-11,0.0,192.0,53.8125,3.8301595415190005e-09,-1.24076798267,1.706182956696e-06,0.0021251126891,5.997717380523999e-06,6493.311296463,28224.0,1.3783574104309998e-07,1.176056390989,8.195638656615999e-08,0.5039322831452,-96.5625,3.084619911715,-3.3187096661500003e-09,-6.660991742757e-10,2359.0,,,2.8,0.0,-1.862645149231e-09,,28476.0
I02,2025-03-23 08:05:36,0.0006446386687458001,1.534772309242e-11,0.0,193.0,57.375,3.837302696203e-09,-1.174318460403,1.8067657947539997e-06,0.0021249015117060003,5.852431058884e-06,6493.311193466,29136.000000000004,1.229345798492e-07,1.176053076017,8.940696716309e-08,0.5039317067555,-91.3125,3.084680510171,-3.3144237733400005e-09,-6.600274927944e-10,2359.0,,,2.0,0.0,-1.862645149231e-09,,29388.0
I02,2025-03-23 08:20:48,0.0006446517072618,1.432454155292e-11,0.0,194.0,61.3125,3.844445850887e-09,-1.108109933409,1.914799213409e-06,0.002124657505192,5.744397640228e-06,6493.309398651,30048.0,1.080334186554e-07,1.176049990723,9.313225746155001e-08,0.5039311142735999,-87.125,3.084982316022,-3.3087092495930003e-09,-6.543129690472e-10,2359.0,,,2.0,0.0,-1.862645149231e-09,,30252.0
I02,2025-03-23 08:36:00,0.000644663348794,1.341504685115e-11,0.0,195.0,65.3125,3.851589005571e-09,-1.041743349821,2.011656761169e-06,0.002124522696249,5.6736171245570004e-06,6493.308681488,30960.0,9.313225746155001e-08,1.176046839597,9.685754776001e-08,0.5039305451985,-84.125,3.085126150128,-3.3029947258450004e-09,-6.489556030343001e-10,2359.0,,,2.0,0.0,-1.862645149231e-09,,31164.0
I02,2025-03-23 08:50:24,0.0006446740590036,1.296029950026e-11,0.0,196.0,68.75,3.857303529318e-09,-0.9788665851052001,2.086162567139e-06,0.0021243208320810003,5.640089511871e-06,6493.307825089,31824.0,7.82310962677e-08,1.176043888891,9.685754776001e-08,0.5039300039188,-82.5625,3.085259160102,-3.297280202098e-09,-6.446697102239e-10,2359.0,,,2.0,0.0,-1.862645149231e-09,,32075.999999999996
I02,2025-03-23 09:05:36,0.0006446861661971,1.52340362547e-11,0.0,197.0,72.1875,3.863018053065e-09,-0.9124640576191001,2.160668373108e-06,0.0021239798516040002,5.628913640976e-06,6493.3068275450005,32736.0,6.705522537231e-08,1.176040562216,8.195638656615999e-08,0.5039295313963,-81.8125,3.085367003497,-3.292994309288e-09,-6.396695019452001e-10,2359.0,,,2.0,0.0,-1.862645149231e-09,,32988.0
I02,2025-03-23 09:20:48,0.0006446978077292,1.1027623258999999e-11,0.0,198.0,73.5,3.8658753149380005e-09,-0.8460807397103001,2.160668373108e-06,0.0021240720525380003,5.654990673065e-06,6493.306409836,33648.0,5.587935447693e-08,1.176038141086,8.195638656615999e-08,0.5039287706789,-82.5625,3.085494005267,-3.288708416478e-09,-6.364550823374e-10,2359.0,,,2.0,0.0,-1.862645149231e-09,,33900.0
I02,2025-03-23 09:36:00,0.0006447108462453001,1.364242052659e-11,0.0,199.0,72.9375,3.870161207749e-09,-0.7794348294692001,2.0973384380339996e-06,0.0021239964989950002,5.695968866348e-06,6493.306900024,34560.0,5.2154064178470006e-08,1.176034831966,8.195638656615999e-08,0.5039283054709001,-84.0625,3.085358218674,-3.287279785541e-09,-6.350264514006e-10,2359.0,,,2.0,0.0,-1.862645149231e-09,,34764.0
I02,2025-03-23 09:50:24,0.0006447229534388,1.364242052659e-11,0.0,200.0,70.4375,3.873018469622e-09,-0.7163602123982,1.981854438782e-06,0.0021240334026520003,5.733221769333e-06,6493.307081223,35424.0,5.2154064178470006e-08,1.176032058273,8.568167686462001e-08,0.5039277305441,-85.625,3.085293196354,-3.288708416478e-09,-6.350264514006e-10,2359.0,,,2.0,0.0,-1.862645149231e-09,,35676.0
I02,2025-03-23 10:05:36,0.0006447350606322,1.3301360013429998e-11,0.0,200.99999999999997,65.6875,3.875875731496e-09,-0.6496629347146001,1.795589923859e-06,0.00212440174073,5.7555735111239994e-06,6493.3084812160005,36336.0,5.2154064178470006e-08,1.17602908416,9.685754776001e-08,0.5039271424511,-86.875,3.085106075966,-3.2944229402250003e-09,-6.368122400716001e-10,2359.0,,,2.0,0.0,-1.862645149231e-09,,36588.0
I02,2025-03-23 10:20:48,0.0006447471678257,1.3073986337989999e-11,0.0,202.0,58.9375,3.878732993369e-09,-0.5829602764183001,1.560896635056e-06,0.002124844817445,5.736947059631e-06,6493.309932708999,37248.0,4.842877388e-08,1.176026158324,1.080334186554e-07,0.5039265221738,-87.125,3.084913481338,-3.3029947258450004e-09,-6.389551864768001e-10,2359.0,,,2.0,0.0,-1.862645149231e-09,,37500.0
I02,2025-03-23 10:36:00,0.000644757412374,1.1596057447599998e-11,0.0,202.99999999999997,50.6875,3.878732993369e-09,-0.5162379096896,1.285225152969e-06,0.002125439466909,5.669891834259e-06,6493.31171608,38160.0,4.4703483581540004e-08,1.176023232488,1.229345798492e-07,0.5039258916561,-85.75,3.084701125612,-3.312995142403e-09,-6.410981328820001e-10,2359.0,,,2.0,0.0,-1.862645149231e-09,,38364.0
I02,2025-03-23 10:50:24,0.0006447699852288,1.3301360013429998e-11,0.0,204.0,42.0,3.877304362433e-09,-0.45305231565320003,1.002103090286e-06,0.0021258860360830003,5.5506825447079995e-06,6493.312871933,39024.0,3.725290298462e-08,1.176020392964,1.341104507446e-07,0.5039253167293001,-82.75,3.084524901037,-3.3229955589600006e-09,-6.42883921553e-10,2359.0,,,2.0,0.0,-1.862645149231e-09,,39276.0
I02,2025-03-23 11:05:36,0.0006447820924222001,1.250555214938e-11,0.0,204.99999999999997,33.375,3.870161207749e-09,-0.3863245361276,7.227063179015999e-07,0.0021268880227580003,5.394220352173e-06,6493.315719604,39936.0,3.3527612686160006e-08,1.176017575384,1.564621925354e-07,0.5039246686566,-78.25,3.084306958428,-3.3287100827080004e-09,-6.464554988949e-10,2359.0,,,2.0,0.0,-1.862645149231e-09,,40188.0
I02,2025-03-23 11:20:48,0.0006447941996157,1.2846612662539999e-11,0.0,206.0,24.25,3.864446684002e-09,-0.31962353092870005,4.3585896491999995e-07,0.002127866493538,5.148351192474e-06,6493.318279266,40848.00000000001,2.607703208923e-08,1.176014599808,1.676380634308e-07,0.5039240235097,-71.0,3.084115835495,-3.338710499265e-09,-6.475269720975e-10,2359.0,,,2.0,0.0,-1.862645149231e-09,,41100.0
I02,2025-03-23 11:36:00,0.0006448030471802001,1.0800249583549998e-11,0.0,206.99999999999997,16.0,3.858732160254e-09,-0.2529551561176,1.825392246246e-07,0.002128913882188,4.850327968597e-06,6493.320898056,41760.0,1.117587089539e-08,1.176011609604,1.7508864402769998e-07,0.5039233754369999,-61.9375,3.083957275656,-3.350139546759e-09,-6.485984453001e-10,2359.0,,,2.0,0.0,-1.862645149231e-09,,42012.0
I02,2025-03-23 11:50:24,0.0006448146887124001,1.26192389871e-11,0.0,208.0,9.4375,3.8530176365070006e-09,-0.1898283713879,-1.4901161193850002e-08,0.0021299719810490003,4.5262277126309994e-06,6493.323524474999,42624.00000000001,3.725290298462e-09,1.176008758377,1.825392246246e-07,0.5039227478451,-51.9375,3.083839743355,-3.36299722519e-09,-6.500270762369001e-10,2359.0,,,2.0,0.0,-1.862645149231e-09,,42876.0
I02,2025-03-23 12:05:36,0.000644828658551,1.466560206609e-11,0.0,209.0,4.375,3.848731743697e-09,-0.1232494218331,-1.7136335372919998e-07,0.002130751032382,4.16487455368e-06,6493.325139999,43536.0,-1.4901161193850002e-08,1.176005705267,1.899898052216e-07,0.5039221100129,-40.5,3.083770474184,-3.3787121654950004e-09,-6.510985494395e-10,2359.0,,,2.0,0.0,-1.862645149231e-09,,43788.0
I02,2025-03-23 12:20:48,0.0006448416970670001,1.398348103976e-11,0.0,210.0,1.375,3.848731743697e-09,-0.0566919757112,-2.607703208923e-07,0.002132185385562,3.7960708141329996e-06,6493.32890892,44448.0,-3.3527612686160006e-08,1.176002672637,1.974403858185e-07,0.5039213858684,-28.9375,3.083722714297,-3.395855736736e-09,-6.518128649079e-10,2359.0,,,2.0,0.0,-1.862645149231e-09,,44700.0
I02,2025-03-23 12:36:00,0.0006448514759541,1.193711796077e-11,0.0,211.0,0.375,3.850160374634001e-09,0.009812334300252,-2.942979335785e-07,0.002133166766725,3.445893526077e-06,6493.331226349001,45359.99999999999,-5.960464477539e-08,1.175999587343,2.011656761169e-07,0.5039206851307,-17.875,3.083728011524,-3.415856569851e-09,-6.525271803762001e-10,2359.0,,,2.0,0.0,-1.862645149231e-09,,45564.0
I02,2025-03-23 12:50:24,0.0006448649801314,1.4892975741529997e-11,0.0,212.0,1.0,3.857303529318e-09,0.0728338840179,-2.7567148208619996e-07,0.00213365838863,3.1441450119019995e-06,6493.332128525,46224.0,-8.568167686462001e-08,1.175996623471,2.011656761169e-07,0.5039200121883,-8.5625,3.083715371912,-3.437286033903e-09,-6.52170022642e-10,2359.0,,,2.0,0.0,-1.862645149231e-09,,46476.0
I02,2025-03-23 13:05:36,0.000644875690341,1.1823431123050001e-11,0.0,213.0,3.125,3.8658753149380005e-09,0.13922355976870002,-2.123415470123e-07,0.002134785288945,2.879649400711e-06,6493.335241318,47135.99999999999,-1.1548399925229999e-07,1.175993628878,1.974403858185e-07,0.5039192090462999,-0.5,3.08383522879,-3.4601441288920003e-09,-6.518128649079e-10,2359.0,,,2.0,0.0,-1.862645149231e-09,,47388.0
I02,2025-03-23 13:20:48,0.0006448836065829001,9.890754881781e-12,0.0,214.0,5.8125,3.88301888618e-09,0.20566156301820004,-1.303851604462e-07,0.002135352115147,2.671033143997e-06,6493.336626053,48048.0,-1.4901161193850001e-07,1.175990414847,1.862645149231e-07,0.503918464421,5.5625,3.083906762558,-3.488716747627e-09,-6.503842339711e-10,2359.0,,,2.0,0.0,-1.862645149231e-09,,48300.0
I02,2025-03-23 13:36:00,0.0006448966450989,9.890754881781e-12,0.0,215.0,8.5,3.905876981168e-09,0.27201033411650005,-4.0978193283079996e-08,0.0021352538606150004,2.5294721126559996e-06,6493.336250305,48960.0,-1.788139343262e-07,1.175987154002,1.639127731323e-07,0.5039177461282,9.375,3.084068145829,-3.5187179973000004e-09,-6.475269720975e-10,2359.0,,,2.0,0.0,-1.862645149231e-09,,49212.0
I02,2025-03-23 13:50:24,0.0006449087522924,1.3301360013429998e-11,0.0,216.0,10.4375,3.9330209689670004e-09,0.3350620740746,2.607703208923e-08,0.002135946997441,2.454966306686e-06,6493.33817482,49824.0,-2.0861625671389998e-07,1.175983989711,1.3783574104309998e-07,0.5039169883367001,11.0625,3.084024849305,-3.550147877909e-09,-6.435982370213e-10,2359.0,,,2.0,0.0,-1.862645149231e-09,,50124.00000000001
I02,2025-03-23 14:05:36,0.0006449199281633,1.296029950026e-11,0.0,217.0,11.3125,3.964450849577e-09,0.4016065455761,6.705522537231e-08,0.002135830465704,2.4326145648959996e-06,6493.337701797001,50736.0,-2.3096799850459997e-07,1.175980603055,1.0058283805849999e-07,0.503916251026,11.0625,3.08398984899,-3.5830063894550003e-09,-6.378837132742e-10,2359.0,,,2.0,0.0,-1.862645149231e-09,,50988.0
I02,2025-03-23 14:20:48,0.0006449306383728999,1.26192389871e-11,0.0,218.00000000000003,10.5625,4.000166622996e-09,0.46813763430300004,6.332993507385e-08,0.002135659218766,2.4512410163879996e-06,6493.337219237999,51647.99999999999,-2.458691596985e-07,1.175977163735,5.960464477539e-08,0.5039155298073,9.75,3.083968428944,-3.617293531938e-09,-6.310977163245e-10,2359.0,,,2.0,0.0,-1.862645149231e-09,,51900.00000000001
I02,2025-03-23 14:36:00,0.0006449427455664,1.3187673175709999e-11,0.0,219.0,8.0,4.037311027353e-09,0.5347083739615001,1.117587089539e-08,0.002135387156159,2.495944499969e-06,6493.336479187,52560.0,-2.533197402954e-07,1.175973643954,1.117587089539e-08,0.5039147851820001,7.75,3.083907442815,-3.650152043484e-09,-6.22883088438e-10,2359.0,,,2.0,0.0,-1.862645149231e-09,,52812.0
I02,2025-03-23 14:50:24,0.0006449539214373,1.296029950026e-11,0.0,220.00000000000003,3.875,4.0744554317089995e-09,0.5977768614057001,-8.940696716309e-08,0.002135270275176,2.5480985641479996e-06,6493.336296082,53423.99999999999,-2.495944499969e-07,1.175970238281,-2.607703208923e-08,0.5039140683522,5.75,3.083848177078,-3.6801532931560004e-09,-6.139541450831e-10,2359.0,,,2.0,0.0,-1.862645149231e-09,,53724.0
I02,2025-03-23 15:05:36,0.0006449664942920001,1.2846612662539999e-11,0.0,221.0,-2.4375,4.114457097939e-09,0.6644574091582001,-2.5704503059389997e-07,0.00213481253013,2.607703208923e-06,6493.334943771,54336.0,-2.384185791016e-07,1.175966629262,-7.450580596924e-08,0.5039133442077001,3.5,3.083677426742,-3.7115831737660003e-09,-6.035965707914001e-10,2359.0,,,2.0,0.0,-1.862645149231e-09,,54588.0
I02,2025-03-23 15:20:48,0.0006449776701629,1.250555214938e-11,0.0,222.00000000000003,-9.625,4.151601502295e-09,0.7312344363580001,-4.5448541641239994e-07,0.0021342008840290003,2.637505531311e-06,6493.332761765,55248.0,-2.160668373108e-07,1.175962947097,-1.117587089539e-07,0.5039126478587,2.6875,3.083410321308,-3.738727161565e-09,-5.921675232971001e-10,2359.0,,,2.0,0.0,-1.862645149231e-09,,55548.0
I02,2025-03-23 15:36:00,0.0006449879147112,1.1596057447599998e-11,0.0,223.0,-17.625,4.187317275715e-09,0.7979989044060001,-6.85453414917e-07,0.002133791218512,2.630054950714e-06,6493.331197738999,56160.0,-1.862645149231e-07,1.175959207878,-1.415610313416e-07,0.5039119544356,3.125,3.083155779414,-3.763013887490001e-09,-5.807384758028e-10,2359.0,,,2.0,0.0,-1.862645149231e-09,,56412.00000000001
I02,2025-03-23 15:50:24,0.0006449967622757,1.114131009672e-11,0.0,224.00000000000003,-25.5625,4.218747156324001e-09,0.8613004273857,-9.164214134215999e-07,0.002133344649337,2.592802047729e-06,6493.329313278,57024.0,-1.564621925354e-07,1.175955910461,-1.639127731323e-07,0.5039114745984,4.6875,3.082863536658,-3.783014720605001e-09,-5.700237437769e-10,2359.0,,,2.0,0.0,-1.862645149231e-09,,57276.0
I02,2025-03-23 16:05:36,0.000645007006824,1.0913936421279999e-11,0.0,225.0,-33.8125,4.247319775060001e-09,0.9280523523742,-1.169741153717e-06,0.002133052214049,2.5145709514619995e-06,6493.328086853,57936.0,-1.229345798492e-07,1.175952147836,-1.788139343262e-07,0.5039108382291001,7.6875,3.082621728003,-3.801586922783001e-09,-5.585946962827e-10,2359.0,,,2.0,0.0,-1.862645149231e-09,,58188.00000000001
I02,2025-03-23 16:20:48,0.0006450172513723,1.114131009672e-11,0.0,225.99999999999997,-41.5625,4.273035131922e-09,0.9948971448652,-1.415610313416e-06,0.002132674213499,2.399086952209e-06,6493.326114655,58848.0,-8.940696716309e-08,1.175948471523,-1.825392246246e-07,0.503910267691,11.8125,3.082287019661,-3.815873232151e-09,-5.478799642568001e-10,2359.0,,,2.0,0.0,-1.862645149231e-09,,59100.0
I02,2025-03-23 16:36:00,0.0006450288929045,1.2278178473929998e-11,0.0,227.0,-48.5,4.294464595974001e-09,1.061738786231,-1.642853021622e-06,0.002132365829311,2.250075340271e-06,6493.324268341001,59760.0,-5.960464477539e-08,1.175944796672,-1.825392246246e-07,0.5039097234855,16.875,3.081955532664,-3.8273022796450006e-09,-5.378795476993e-10,2359.0,,,2.0,0.0,-1.862645149231e-09,,60012.0
I02,2025-03-23 16:50:24,0.0006450391374528,1.205080479849e-11,0.0,227.99999999999997,-54.1875,4.311608167215e-09,1.125054582902,-1.836568117142e-06,0.00213213195093,2.086162567139e-06,6493.322628021,60624.0,-3.725290298462e-08,1.175941329556,-1.7508864402769998e-07,0.5039092231675001,22.3125,3.081649409742,-3.835874065266e-09,-5.296649198128e-10,2359.0,,,2.0,0.0,-1.862645149231e-09,,60876.0
I02,2025-03-23 17:05:36,0.0006450512446463,1.3073986337989999e-11,0.0,229.0,-59.1875,4.3230372147090004e-09,1.192107346753,-2.011656761169e-06,0.002131698071025,1.899898052216e-06,6493.31918335,61536.0,-1.862645149231e-08,1.175937673724,-1.676380634308e-07,0.5039086818878,28.125,3.081106984587,-3.8401599580760006e-09,-5.225217651289e-10,2359.0,,,2.0,0.0,-1.862645149231e-09,,61788.0
I02,2025-03-23 17:20:48,0.0006450633518398,1.3073986337989999e-11,0.0,229.99999999999997,-63.125,4.334466262204e-09,1.25868073283,-2.156943082809e-06,0.002131786313839,1.698732376099e-06,6493.319442749,62448.0,-7.450580596924e-09,1.175934134925,-1.564621925354e-07,0.5039082079024001,34.3125,3.081043805544,-3.844445850887e-09,-5.160929259133e-10,2359.0,,,2.0,0.0,-1.862645149231e-09,,62699.99999999999
I02,2025-03-23 17:36:00,0.000645074993372,1.3301360013429998e-11,0.0,231.0,-66.0625,4.343038047824e-09,1.325477421649,-2.2724270820619997e-06,0.0021316687343640004,1.490116119385e-06,6493.317913055,63360.0,-3.725290298462e-09,1.175930711697,-1.4528632163999998e-07,0.5039077558607,40.375,3.080757354481,-3.847303112760001e-09,-5.114498753688e-10,2359.0,,,2.0,0.0,-1.862645149231e-09,,63612.0
I02,2025-03-23 17:50:24,0.0006450871005654,1.341504685115e-11,0.0,231.99999999999997,-68.0625,4.348752571572e-09,1.388728732892,-2.350658178329e-06,0.002131624263711,1.2964010238649998e-06,6493.316720962999,64224.0,3.725290298462e-09,1.175927164121,-1.3783574104309998e-07,0.5039072774865,45.9375,3.080516025663,-3.847303112760001e-09,-5.082354557610001e-10,2359.0,,,2.0,0.0,-1.862645149231e-09,,64524.0
I02,2025-03-23 18:05:36,0.0006450978107750001,1.2391865311659999e-11,0.0,233.0,-69.4375,4.353038464382001e-09,1.455574186622,-2.4065375328059996e-06,0.0021315080812199997,1.098960638046e-06,6493.314779282,65136.0,3.725290298462e-09,1.175923575583,-1.303851604462e-07,0.5039068020381,51.375,3.080181160789,-3.847303112760001e-09,-5.068068248242e-10,2359.0,,,2.0,0.0,-1.862645149231e-09,,65436.0
I02,2025-03-23 18:20:48,0.0006451099179685001,1.2846612662539999e-11,0.0,234.0,-70.25,4.355895726255001e-09,1.522310376463,-2.440065145493e-06,0.002131506567821,9.126961231232e-07,6493.313617706,66048.0,3.725290298462e-09,1.175920245981,-1.303851604462e-07,0.5039063543851,56.375,3.079955297941,-3.847303112760001e-09,-5.068068248242e-10,2359.0,,,2.0,0.0,-1.862645149231e-09,,66348.0
I02,2025-03-23 18:36:00,0.0006451210938394,1.193711796077e-11,0.0,235.0,-70.5625,4.357324357192e-09,1.588925514223,-2.454966306686e-06,0.002131556626409,7.450580596924e-07,6493.313262939,66960.0,-3.725290298462e-09,1.175916792032,-1.3783574104309998e-07,0.503905892103,60.875,3.079850588116,-3.847303112760001e-09,-5.089497712294001e-10,2359.0,,,2.0,0.0,-1.862645149231e-09,,67212.0
I02,2025-03-23 18:50:24,0.0006451304070652001,1.114131009672e-11,0.0,236.0,-70.5625,4.360181619066e-09,1.652154397468,-2.4512410163879996e-06,0.002131556975655,5.997717380523999e-07,6493.3120327,67824.0,-3.725290298462e-09,1.175913510706,-1.4528632163999998e-07,0.5039054488389,64.6875,3.079631748738,-3.847303112760001e-09,-5.128785063056e-10,2359.0,,,2.0,0.0,-1.862645149231e-09,,68124.0
I02,2025-03-23 19:05:36,0.0006451425142586,1.1596057447599998e-11,0.0,237.0,-70.25,4.363038880939001e-09,1.718836842625,-2.428889274597e-06,0.002131640329026,4.656612873077e-07,6493.311117172,68736.0,3.725290298462e-09,1.175909705656,-1.601874828339e-07,0.5039049733905,68.0625,3.079460127966,-3.848731743697e-09,-5.185930300527e-10,2359.0,,,2.0,0.0,-1.862645149231e-09,,69036.0
I02,2025-03-23 19:20:48,0.0006451546214521,1.2846612662539999e-11,0.0,238.0,-69.75,4.365896142813e-09,1.785369211405,-2.402812242508e-06,0.002131682704203,3.539025783539e-07,6493.311193466,69648.0,1.117587089539e-08,1.175906608659,-1.788139343262e-07,0.5039044906275,70.9375,3.079437977924,-3.851589005571e-09,-5.257361847366e-10,2359.0,,,2.0,0.0,-1.862645149231e-09,,69948.0
I02,2025-03-23 19:36:00,0.0006451662629843,1.250555214938e-11,0.0,239.0,-69.1875,4.370182035623001e-09,1.851969660004,-2.37300992012e-06,0.0021317278733479997,2.682209014893e-07,6493.310726166001,70560.0,2.607703208923e-08,1.175903251262,-1.9371509551999997e-07,0.5039040020129,73.25,3.079348043572,-3.854446267444e-09,-5.339508126231e-10,2359.0,,,2.0,0.0,-1.862645149231e-09,,70860.0
I02,2025-03-23 19:50:24,0.0006451760418713001,1.1482370609879999e-11,0.0,240.0,-68.6875,4.3744679284340005e-09,1.915170951152,-2.343207597733e-06,0.002131809480488,2.0489096641539998e-07,6493.309509277,71424.0,4.0978193283079996e-08,1.175900145487,-2.0861625671389998e-07,0.5039035221757,74.8125,3.07915675533,-3.860160791191e-09,-5.414511250413e-10,2359.0,,,2.0,0.0,-1.862645149231e-09,,71772.0
I02,2025-03-23 20:05:36,0.0006451867520809001,1.1482370609879999e-11,0.0,241.0,-68.3125,4.378753821244e-09,1.981612973037,-2.317130565643e-06,0.002131776884198,1.601874828339e-07,6493.3100757600005,72336.0,5.960464477539e-08,1.175896676908,-2.160668373108e-07,0.5039030145432001,75.875,3.079225328152,-3.8658753149380005e-09,-5.485942797252001e-10,2359.0,,,2.0,0.0,-1.862645149231e-09,,72636.0
I02,2025-03-23 20:20:48,0.0006451969966292001,1.1596057447599998e-11,0.0,242.0,-68.25,4.381611083118001e-09,2.048268016276,-2.302229404449e-06,0.0021318505750969998,1.3783574104309998e-07,6493.309085846,73248.0,7.450580596924e-08,1.1758931937,-2.197921276093e-07,0.5039025156881001,76.3125,3.0790810698,-3.871589838686e-09,-5.539516457381e-10,2359.0,,,2.0,0.0,-1.862645149231e-09,,73548.0
I02,2025-03-23 20:20:48,0.0006451969966292001,1.1596057447599998e-11,0.0,242.0,-68.25,4.381611083118001e-09,2.114691096298,-2.302229404449e-06,0.0021317306673149998,1.3783574104309998e-07,6493.309766769,74160.0,7.450580596924e-08,1.175889766083,-2.197921276093e-07,0.5039019934264001,76.3125,3.079168640076,-3.875875731496e-09,-5.539516457381e-10,2359.0,,,2.0,0.0,-1.862645149231e-09,,74412.0
I02,2025-03-23 20:36:00,0.0006452072411776001,1.0800249583549998e-11,0.0,243.00000000000003,-68.75,4.383039714054e-09,2.114691096298,-2.3059546947479998e-06,0.0021317306673149998,1.3783574104309998e-07,6493.309766769,74160.0,8.568167686462001e-08,1.175889766083,-2.197921276093e-07,0.5039019934264001,76.1875,3.079168640076,-3.875875731496e-09,-5.578803808143e-10,2359.0,,,2.0,0.0,-1.862645149231e-09,,74460.0
I02,2025-03-23 20:50:24,0.0006452174857259,1.0913936421279999e-11,0.0,244.0,-69.875,4.381611083118001e-09,2.177598743214,-2.328306436539e-06,0.002131680841558,1.4901161193850001e-07,6493.310398102,75024.0,9.313225746155001e-08,1.175886522794,-2.197921276093e-07,0.5039014799421001,75.625,3.079270868792,-3.878732993369e-09,-5.607376426879e-10,2359.0,,,2.0,0.0,-1.862645149231e-09,,75324.0
I02,2025-03-23 21:05:36,0.0006452309899032,1.364242052659e-11,0.0,245.00000000000003,-71.9375,4.380182452181e-09,2.244041827178,-2.3767352104189998e-06,0.002131569897756,1.676380634308e-07,6493.310817719001,75936.0,1.0430812835689999e-07,1.175883087862,-2.160668373108e-07,0.5039009386624,74.8125,3.079338372221,-3.88301888618e-09,-5.635949045614e-10,2359.0,,,2.0,0.0,-1.862645149231e-09,,76236.0
I02,2025-03-23 21:20:48,0.000645243562758,1.3869794202039999e-11,0.0,246.0,-74.75,4.378753821244e-09,2.310452207608,-2.4475157260890002e-06,0.002131382469088,1.862645149231e-07,6493.311544418,76848.0,1.1548399925229999e-07,1.175879623672,-2.0861625671389998e-07,0.5039004090861,74.0625,3.079438585035,-3.890162040864e-09,-5.675236396376001e-10,2359.0,,,2.0,0.0,-1.862645149231e-09,,77148.0
I02,2025-03-23 21:36:00,0.0006452552042902001,1.2846612662539999e-11,0.0,247.00000000000003,-78.25,4.380182452181e-09,2.376857472214,-2.533197402954e-06,0.0021311580203470003,2.011656761169e-07,6493.312299728,77760.0,1.303851604462e-07,1.175876196055,-2.011656761169e-07,0.5038998531772,73.625,3.079543844916,-3.898733826484e-09,-5.725238479163e-10,2359.0,,,2.0,0.0,-1.862645149231e-09,,78060.0
I02,2025-03-23 21:50:24,0.000645266380161,1.2846612662539999e-11,0.0,248.0,-81.9375,4.383039714054e-09,2.439776209512,-2.6263296604159997e-06,0.002130940905772,1.974403858185e-07,6493.312913895,78624.0,1.4528632163999998e-07,1.175872974709,-1.825392246246e-07,0.5038992855650001,73.625,3.079635008119,-3.911591504916001e-09,-5.785955293977e-10,2359.0,,,2.0,0.0,-1.862645149231e-09,,78924.0
I02,2025-03-23 22:05:36,0.0006452789530158001,1.352873368887e-11,0.0,249.00000000000003,-85.8125,4.388754237801e-09,2.506179295833,-2.719461917877e-06,0.002130635781214,1.825392246246e-07,6493.31388855,79536.0,1.601874828339e-07,1.175869571962,-1.601874828339e-07,0.5038986916203,74.25,3.079742378992,-3.928735076157e-09,-5.857386840816e-10,2359.0,,,2.0,0.0,-1.862645149231e-09,,79836.0
I02,2025-03-23 22:20:48,0.0006452910602093,1.375610736432e-11,0.0,250.0,-89.125,4.3973260234220005e-09,2.572652053627,-2.797693014145e-06,0.002130418899469,1.564621925354e-07,6493.314294815,80448.0,1.676380634308e-07,1.175866182381,-1.303851604462e-07,0.5038980479363001,75.3125,3.079780120815,-3.948735909272e-09,-5.928818387655001e-10,2359.0,,,2.0,0.0,-1.862645149231e-09,,80748.0
I02,2025-03-23 22:36:00,0.000645303633064,1.3073986337989999e-11,0.0,250.99999999999997,-91.5625,4.407326439980001e-09,2.639065953839,-2.849847078323e-06,0.0021301399683579998,1.266598701477e-07,6493.3152656560005,81359.99999999999,1.7136335372919998e-07,1.175862716728,-1.0058283805849999e-07,0.5038974320478,76.6875,3.079876578319,-3.9687367423870005e-09,-5.985963625126e-10,2359.0,,,2.0,0.0,-1.862645149231e-09,,81660.0
I02,2025-03-23 22:50:24,0.0006453120149672001,1.1709744285329999e-11,0.0,252.0,-92.8125,4.417326856537e-09,2.702086179615,-2.8684735298159995e-06,0.0021301145898180002,1.0430812835689999e-07,6493.315122604,82224.0,1.676380634308e-07,1.175859385663,-7.82310962677e-08,0.5038968556580999,77.8125,3.079866318874,-3.985880313628e-09,-6.028822553230001e-10,2359.0,,,2.0,0.0,-1.862645149231e-09,,82571.99999999999
I02,2025-03-23 23:05:36,0.0006453250534832,1.26192389871e-11,0.0,252.99999999999997,-92.8125,4.424470011221e-09,2.768657141637,-2.853572368622e-06,0.00213038502261,1.117587089539e-07,6493.314180374,83135.99999999999,1.639127731323e-07,1.175855728368,-5.587935447693e-08,0.503896321693,78.25,3.079805967652,-3.998737992059e-09,-6.064538326650001e-10,2359.0,,,2.0,0.0,-1.862645149231e-09,,83436.0
I02,2025-03-23 23:20:48,0.0006453366950154,1.26192389871e-11,0.0,254.0,-91.8125,4.433041796842e-09,2.835097409484,-2.80886888504e-06,0.002130055450834,1.415610313416e-07,6493.315444946,84048.0,1.527369022369e-07,1.175852264178,-4.4703483581540004e-08,0.5038956019373,77.8125,3.079876069223,-4.010167039554e-09,-6.082396213359e-10,2359.0,,,2.0,0.0,-1.862645149231e-09,,84347.99999999999
I02,2025-03-23 23:36:00,0.0006453488022089,1.273292582482e-11,0.0,254.99999999999997,-90.0,4.441613582462e-09,2.901642954767,-2.7492642402649997e-06,0.0021302708191800004,2.123415470123e-07,6493.314907074,84960.0,1.4901161193850001e-07,1.175848643456,-4.0978193283079996e-08,0.5038950079925,76.0,3.079841090852,-4.017310194238001e-09,-6.093110945385e-10,2359.0,,,2.0,0.0,-1.862645149231e-09,,85260.0
I02,2025-03-23 23:50:24,0.0006453595124185001,1.273292582482e-11,0.0,160.0,-87.9375,4.448756737146e-09,2.9646890069,-2.682209014893e-06,0.0021306102862579997,3.1664967536929996e-07,6493.314050674,85824.0,1.4528632163999998e-07,1.175845177803,-3.725290298462e-08,0.5038944667128,72.875,3.079805086975,-4.0201674561110005e-09,-6.093110945385e-10,2359.0,,,2.0,0.0,-1.862645149231e-09,,86172.0
I06,2025-03-23 00:00:00,-0.00018234830349680002,-2.5011104298759998e-12,0.0,0.0,-135.625,5.565946129712e-09,-1.497907732567,-4.328787326813e-06,0.001962510985322,8.11368227005e-06,6493.3951301570005,0.0,3.054738044739e-07,-1.253697735417,8.195638656615999e-08,0.07385230029046,-247.43750000000003,-2.965785636625,-4.485901141503e-09,6.875286383275001e-10,2359.0,,,4.0,0.0,-1.862645149231e-09,,12.0
I06,2025-03-23 00:05:36,-0.0001823492348194,-2.614797267597e-12,0.0,161.0,-137.0,5.571660653459001e-09,-1.473239706553,-4.373490810394e-06,0.001962471869774,8.188188076018999e-06,6493.3959598540005,336.0,3.091990947723e-07,-1.253699242223,8.940696716309e-08,0.0738525387461,-249.75,-2.965950431421,-4.494472927124e-09,6.886001115300001e-10,2359.0,,,2.0,0.0,-1.862645149231e-09,,636.0
I06,2025-03-23 00:20:48,-0.0001823510974646,-2.273736754432e-12,0.0,162.0,-141.0,5.537373510976e-09,-1.406372565062,-4.500150680542e-06,0.001962498179637,8.35582613945e-06,6493.3977088930005,1248.0,2.942979335785e-07,-1.253704539449,1.192092895508e-07,0.07385320291091,-255.3125,-2.966307414153,-4.471614832135e-09,7.000291590243e-10,2359.0,,,2.0,0.0,-1.862645149231e-09,,1500.0
I06,2025-03-23 00:36:00,-0.000182353425771,-2.273736754432e-12,0.0,163.0,-145.1875,5.440226607275e-09,-1.339545143261,-4.62681055069e-06,0.001962552545592,8.489936590195e-06,6493.399267197,2160.0,2.495944499969e-07,-1.253710922161,1.4901161193850001e-07,0.07385390511159,-259.8125,-2.966623657543,-4.383039714054e-09,7.196728344051e-10,2359.0,,,2.0,0.0,-1.862645149231e-09,,2316.0
I06,2025-03-23 00:50:24,-0.0001823543570936,-1.932676241267e-12,0.0,164.0,-148.875,5.3087925610910004e-09,-1.276279546623,-4.7348439693450004e-06,0.001962617971003,8.571892976760998e-06,6493.400539398001,3024.0,1.9371509551999997e-07,-1.25371724343,1.676380634308e-07,0.07385460292351001,-262.875,-2.96687844667,-4.2616060844280004e-09,7.396736675201e-10,2359.0,,,2.0,0.0,-1.862645149231e-09,,3228.0
I06,2025-03-23 01:05:36,-0.0001823408529162,-1.477928890381e-12,0.0,165.0,-129.8125,4.984493338441001e-09,-1.209973464937,-4.127621650696e-06,0.00196232192684,8.426606655121e-06,6493.40104866,3936.0,1.0058283805849999e-07,-1.25373018294,1.4528632163999998e-07,0.07385519833117,-255.43749999999997,-2.966666361585,-3.940164123651e-09,7.789610182817e-10,2359.0,,,2.0,0.0,-1.862645149231e-09,,4140.0
I06,2025-03-23 01:20:48,-0.0001823427155614,-1.477928890381e-12,0.0,166.0,-130.625,4.911633160665e-09,-1.143471956414,-4.14252281189e-06,0.001962402719073,8.426606655121e-06,6493.40104866,4848.0,7.82310962677e-08,-1.253733998231,1.3783574104309998e-07,0.07385591662395,-255.5625,-2.966659057235,-3.8687325768120005e-09,7.864613306998e-10,2359.0,,,2.0,0.0,-1.862645149231e-09,,5052.0
I06,2025-03-23 01:36:00,-0.00018234364688400002,-1.364242052659e-12,0.0,167.0,-130.375,4.798771316659e-09,-1.077012773036,-4.123896360396999e-06,0.0019624528940770003,8.411705493927e-06,6493.400867462,5760.0,5.2154064178470006e-08,-1.253739122833,1.192092895508e-07,0.07385670806262999,-255.125,-2.966608106724,-3.757299363743e-09,7.953902740547e-10,2359.0,,,2.0,0.0,-1.862645149231e-09,,5964.0
I06,2025-03-23 01:50:24,-0.00018234457820650001,-1.364242052659e-12,0.0,168.0,-129.0,4.6744804251580005e-09,-1.014094493632,-4.068017005919999e-06,0.001962453941815,8.393079042434999e-06,6493.400485992,6624.0,3.3527612686160006e-08,-1.253743842206,8.940696716309e-08,0.07385746146544,-254.37500000000003,-2.966516902559,-3.631579841306e-09,8.03247744207e-10,2359.0,,,2.0,0.0,-1.862645149231e-09,,6876.0
I06,2025-03-23 02:05:36,-0.0001823455095291,-1.2505552149379999e-12,0.0,169.0,-126.25,4.538760486164e-09,-0.9477228000701001,-3.97115945816e-06,0.001962386537343,8.374452590941998e-06,6493.39985466,7536.0,2.607703208923e-08,-1.253748454787,5.2154064178470006e-08,0.07385825729288001,-253.5625,-2.96637894207,-3.4930026404380004e-09,8.096765834225e-10,2359.0,,,2.0,0.0,-1.862645149231e-09,,7740.0
I06,2025-03-23 02:20:48,-0.000182346906513,-1.364242052659e-12,0.0,170.0,-122.125,4.418755487474e-09,-0.8813883216814,-3.8333237171169996e-06,0.001962237176485,8.370727300644e-06,6493.398992538,8448.0,3.725290298462e-08,-1.253752763081,1.862645149231e-08,0.07385905750907,-253.0625,-2.966204054602,-3.3687117489370003e-09,8.128910030303001e-10,2359.0,,,2.0,0.0,-1.862645149231e-09,,8652.0
I06,2025-03-23 02:36:00,-0.00018234830349680002,-1.2505552149379999e-12,0.0,171.0,-116.81250000000001,4.33160900033e-09,-0.815085875347,-3.6619603633879997e-06,0.001961996778846,8.389353752135998e-06,6493.397895812999,9360.0,5.960464477539e-08,-1.253756571057,-3.725290298462e-09,0.07385984309607001,-253.25000000000003,-2.965997607603,-3.27442210711e-09,8.132481607645e-10,2359.0,,,2.0,0.0,-1.862645149231e-09,,9564.0
I06,2025-03-23 02:50:24,-0.0001823492348194,-1.364242052659e-12,0.0,172.0,-110.87499999999999,4.290178703163e-09,-0.7522907370717,-3.479421138763e-06,0.001961685949937,8.434057235718e-06,6493.396680832,10224.0,8.940696716309e-08,-1.253759738274,-1.117587089539e-08,0.07386056577761001,-254.37500000000003,-2.965784732541,-3.224420024322e-09,8.111052143593e-10,2359.0,,,2.0,0.0,-1.862645149231e-09,,10428.0
I06,2025-03-23 03:05:36,-0.00018234876915810001,-1.364242052659e-12,0.0,173.0,-115.9375,3.8815902552430005e-09,-0.6856958402469,-3.5800039768219998e-06,0.0019608696457,8.802860975266e-06,6493.395235061999,11136.0,1.266598701477e-07,-1.253764855562,-9.313225746155001e-08,0.07386169807620001,-268.125,-2.965870490262,-2.8015452670340003e-09,8.196769999800001e-10,2359.0,,,2.0,0.0,-1.862645149231e-09,,11339.999999999998
I06,2025-03-23 03:20:48,-0.000182350166142,-1.364242052659e-12,0.0,174.0,-105.375,3.980165789881e-09,-0.6195441710272,-3.267079591751e-06,0.001960044261068,8.989125490189e-06,6493.392642975001,12048.000000000002,1.676380634308e-07,-1.253766281907,-5.587935447693e-08,0.07386229640969,-273.875,-2.965515546837,-2.8815485994940006e-09,8.096765834225e-10,2359.0,,,2.0,0.0,-1.862645149231e-09,,12252.0
I06,2025-03-23 03:36:00,-0.0001823510974646,-1.2505552149379999e-12,0.0,175.0,-95.6875,4.164459180726e-09,-0.5533691024329,-2.987682819366e-06,0.001959160785191,9.216368198394999e-06,6493.390003204,12960.0,1.9371509551999997e-07,-1.25376841923,-3.725290298462e-09,0.07386296203742,-281.25,-2.96518319233,-3.047269788161e-09,7.986046936624e-10,2359.0,,,2.0,0.0,-1.862645149231e-09,,13164.0
I06,2025-03-23 03:50:24,-0.0001823520287871,-1.136868377216e-12,0.0,176.0,-88.0625,4.4001832852960004e-09,-0.49062723924530005,-2.7716159820559995e-06,0.001958317821845,9.454786777496e-06,6493.387624741,13824.0,1.974403858185e-07,-1.253769965534,5.960464477539e-08,0.07386345065206,-289.0625,-2.964918443657,-3.2672789524260004e-09,7.882471193708e-10,2359.0,,,2.0,0.0,-1.862645149231e-09,,14076.0
I06,2025-03-23 04:05:36,-0.00018235249444840002,-1.0231815394949999e-12,0.0,177.0,-82.125,4.6901953654630004e-09,-0.4243416252462,-2.6002526283259997e-06,0.001957486616448,9.704381227493e-06,6493.385362625,14736.0,1.7508864402769998e-07,-1.253772117487,1.192092895508e-07,0.07386397145089,-297.4375,-2.964696483874,-3.541576092288e-09,7.789610182817e-10,2359.0,,,2.0,0.0,-1.862645149231e-09,,14940.0
I06,2025-03-23 04:20:48,-0.000182353425771,-1.0231815394949999e-12,0.0,178.0,-78.375,4.991636493124e-09,-0.3579863412366,-2.495944499969e-06,0.0019567839335649997,9.924173355102998e-06,6493.383520126,15648.0,1.415610313416e-07,-1.253774610299,1.676380634308e-07,0.07386444251052,-304.875,-2.964543799114,-3.828730910582e-09,7.721750213319e-10,2359.0,,,2.0,0.0,-1.862645149231e-09,,15852.0
I06,2025-03-23 04:36:00,-0.0001823543570936,-1.0231815394949999e-12,0.0,179.0,-76.5625,5.268790894861e-09,-0.29156705602390004,-2.4475157260890002e-06,0.001956268679351,1.0088086128230001e-05,6493.382200241001,16560.0,9.685754776001e-08,-1.253777724852,2.011656761169e-07,0.07386494136558,-310.5,-2.964454448467,-4.098742157634e-09,7.678891285216e-10,2359.0,,,2.0,0.0,-1.862645149231e-09,,16764.0
I06,2025-03-23 04:50:24,-0.0001823548227549,-9.094947017729001e-13,0.0,180.0,-76.0625,5.485942797252e-09,-0.2285926415268,-2.436339855194e-06,0.0019560001092029998,1.0177493095400002e-05,6493.381530762,17424.0,5.587935447693e-08,-1.253781051528,2.123415470123e-07,0.07386541096228,-313.4375,-2.964420277626,-4.311608167215e-09,7.661033398506001e-10,2359.0,,,2.0,0.0,-1.862645149231e-09,,17676.0
I06,2025-03-23 05:05:36,-0.00018235528841610002,-1.0231815394949999e-12,0.0,181.0,-75.8125,5.645949462172e-09,-0.162093213273,-2.428889274597e-06,0.0019559825304900002,1.018494367599e-05,6493.381483078,18336.0,2.2351741790770002e-08,-1.253784683953,2.160668373108e-07,0.0738660839046,-313.5625,-2.964410498019,-4.473043463072e-09,7.661033398506001e-10,2359.0,,,2.0,0.0,-1.862645149231e-09,,18540.0
I06,2025-03-23 05:20:48,-0.0001823562197387,-1.0231815394949999e-12,0.0,182.0,-75.5,5.735953211189e-09,-0.09556791038707001,-2.425163984299e-06,0.001956210355274,1.0117888450620002e-05,6493.38202095,19248.0,7.450580596924e-09,-1.253788857659,2.123415470123e-07,0.07386662225845,-310.875,-2.964426078097,-4.568761735836001e-09,7.668176553190001e-10,2359.0,,,2.0,0.0,-1.862645149231e-09,,19452.0
I06,2025-03-23 05:36:00,-0.00018235668540000002,-1.0231815394949999e-12,0.0,183.0,-74.0625,5.758811306178e-09,-0.029049765559340003,-2.3879110813139997e-06,0.001956686959602,9.980052709579e-06,6493.383176804,20160.0,3.725290298462e-09,-1.253792968458,2.0861625671389998e-07,0.07386734493998001,-305.875,-2.964434568873,-4.601620247382e-09,7.671748130532e-10,2359.0,,,2.0,0.0,-1.862645149231e-09,,20364.0
I06,2025-03-23 05:50:24,-0.00018235808238390003,-1.136868377216e-12,0.0,184.0,-71.25,5.7345245802520005e-09,0.033948626165120004,-2.3096799850459996e-06,0.001957303960808,9.80868935585e-06,6493.384662628,21024.0,3.725290298462e-09,-1.253796925652,2.123415470123e-07,0.07386802080814,-299.6875,-2.964423794481,-4.591619830825e-09,7.668176553190001e-10,2359.0,,,2.0,0.0,-1.862645149231e-09,,21276.0
I06,2025-03-23 06:05:36,-0.0001823590137064,-1.2505552149379999e-12,0.0,185.0,-66.6875,5.684522497465001e-09,0.100415694671,-2.183020114899e-06,0.001958059379831,9.611248970032e-06,6493.386482239,21936.0,3.725290298462e-09,-1.253800986712,2.197921276093e-07,0.07386872886049,-292.625,-2.964381349376,-4.557332688342e-09,7.653890243822e-10,2359.0,,,2.0,0.0,-1.862645149231e-09,,22140.0
I06,2025-03-23 06:20:48,-0.000182359945029,-1.136868377216e-12,0.0,186.0,-60.6875,5.634520414677e-09,0.16684754342420002,-2.019107341766e-06,0.001958862296306,9.424984455109e-06,6493.388448715,22848.0,3.725290298462e-09,-1.253804913184,2.3096799850459997e-07,0.07386946763412,-285.9375,-2.964303876161,-4.5230455458590005e-09,7.63246077977e-10,2359.0,,,2.0,0.0,-1.862645149231e-09,,23052.0
I06,2025-03-23 06:36:00,-0.00018236134201290001,-1.364242052659e-12,0.0,187.0,-53.9375,5.6059477959420006e-09,0.23325178398730004,-1.829117536545e-06,0.001959630055353,9.264796972275e-06,6493.390361786,23760.0,-3.725290298462e-09,-1.253808977171,2.384185791016e-07,0.07387018007522,-280.375,-2.964198724535,-4.510187867428e-09,7.614602893061e-10,2359.0,,,2.0,0.0,-1.862645149231e-09,,23964.0
I06,2025-03-23 06:50:24,-0.0001823627389967,-1.477928890381e-12,0.0,188.0,-47.5625,5.613090950626e-09,0.2961475008064,-1.650303602219e-06,0.001960259047337,9.156763553618999e-06,6493.391958237,24624.0,-1.862645149231e-08,-1.253813010436,2.384185791016e-07,0.0738708252221,-276.625,-2.96408542153,-4.530188700543001e-09,7.603888161035e-10,2359.0,,,2.0,0.0,-1.862645149231e-09,,24876.0
I06,2025-03-23 07:05:36,-0.00018236320465800002,-1.364242052659e-12,0.0,189.0,-41.875,5.661664402476001e-09,0.3625437611514,-1.4863908290859998e-06,0.001960759167559,9.085983037948998e-06,6493.393276215001,25536.0,-2.9802322387700004e-08,-1.25381716366,2.2724270820619997e-07,0.07387152303402,-274.25,-2.963972349665,-4.591619830825e-09,7.614602893061e-10,2359.0,,,2.0,0.0,-1.862645149231e-09,,25788.000000000004
I06,2025-03-23 07:20:48,-0.0001823650673032,-1.705302565824e-12,0.0,190.0,-37.875,5.757382675241e-09,0.428964940843,-1.3709068298339998e-06,0.0019610776798800003,9.056180715561e-06,6493.394138336,26448.0,-3.3527612686160006e-08,-1.253822626197,2.0489096641539998e-07,0.07387209796082,-273.375,-2.963882925872,-4.694481258273001e-09,7.65031866648e-10,2359.0,,,2.0,0.0,-1.862645149231e-09,,26652.0
I06,2025-03-23 07:36:00,-0.0001823669299483,-1.5916157281029998e-12,0.0,191.0,-36.25,5.893102614235e-09,0.4954314695322,-1.318752765656e-06,0.001961190486327,9.056180715561e-06,6493.3944664,27360.000000000004,-2.607703208923e-08,-1.253827803464,1.7136335372919998e-07,0.07387273433019,-273.4375,-2.963839174381,-4.831629828205e-09,7.721750213319e-10,2359.0,,,2.0,0.0,-1.862645149231e-09,,27564.000000000004
I06,2025-03-23 07:50:24,-0.0001823683269322,-1.5916157281029998e-12,0.0,192.0,-37.25,6.044537493535e-09,0.5584624653119,-1.3411045074459998e-06,0.001961110741831,9.059906005859e-06,6493.39425087,28224.0,-3.725290298462e-09,-1.253833587842,1.415610313416e-07,0.07387329901657,-273.625,-2.963859583551,-4.983064707504e-09,7.821754378894e-10,2359.0,,,2.0,0.0,-1.862645149231e-09,,28476.0
I06,2025-03-23 08:05:36,-0.00018237018957730002,-1.705302565824e-12,0.0,193.0,-41.0625,6.2016868965810005e-09,0.6250823604808,-1.4454126358029999e-06,0.0019608314614739998,9.048730134964e-06,6493.3933906560005,29136.000000000004,3.3527612686160006e-08,-1.253839875464,1.1548399925229999e-07,0.07387391197924,-273.1875,-2.963968139387,-5.133070955866e-09,7.950331163205e-10,2359.0,,,2.0,0.0,-1.862645149231e-09,,29388.0
I06,2025-03-23 08:20:48,-0.0001823720522225,-1.818989403546e-12,0.0,194.0,-47.5625,6.300262431219e-09,0.6918031092220001,-1.6316771507259999e-06,0.001960384310223,9.000301361084e-06,6493.391937255999,30048.0,6.705522537231e-08,-1.253845712507,1.1548399925229999e-07,0.07387457321820999,-271.25,-2.964177997912,-5.220217443010001e-09,8.061050060806e-10,2359.0,,,2.0,0.0,-1.862645149231e-09,,30252.0
I06,2025-03-23 08:36:00,-0.0001823739148676,-1.818989403546e-12,0.0,195.0,-56.375,6.27740433623e-09,0.7586368654591,-1.8887221813199998e-06,0.001959798624739,8.892267942428999e-06,6493.38986969,30960.0,7.82310962677e-08,-1.253850137834,1.415610313416e-07,0.07387530175142,-267.1875,-2.964502255167,-5.1802157767800005e-09,8.075336370173e-10,2359.0,,,2.0,0.0,-1.862645149231e-09,,31164.0
I06,2025-03-23 08:50:24,-0.0001819063909352,9.777068044059e-12,0.0,196.0,-65.8125,6.118826302247001e-09,0.8214810451372,-2.1755695343019996e-06,0.001961532165296,8.724629878998e-06,6493.406023026,31824.0,3.725290298462e-08,-1.253859317645,1.788139343262e-07,0.07387674126281,-261.0,-2.964334699845,-5.001636909682001e-09,7.950331163205e-10,2359.0,,,2.0,0.0,-1.862645149231e-09,,32075.999999999996
I06,2025-03-23 09:05:36,-0.0001823781058192,-1.932676241267e-12,0.0,197.0,-75.75,5.848815055195e-09,0.8890554577798,-2.488493919373e-06,0.001958513748832,8.471310138702e-06,6493.384666443,32736.0,-5.2154064178470006e-08,-1.253851188209,2.0861625671389998e-07,0.07387689340629,-252.0625,-2.965409748602,-4.711624829515001e-09,7.657461821164e-10,2359.0,,,2.0,0.0,-1.862645149231e-09,,32988.0
I06,2025-03-23 09:20:48,-0.00018237996846440002,-1.818989403546e-12,0.0,198.0,-84.25,5.574517915332e-09,0.9560926649600001,-2.767890691757e-06,0.0019579305080700002,8.165836334229e-06,6493.381843567,33648.0,-1.639127731323e-07,-1.253851036066,2.160668373108e-07,0.0738776629012,-241.75,-2.965941841166,-4.417326856537e-09,7.300304086968e-10,2359.0,,,2.0,0.0,-1.862645149231e-09,,33900.0
I06,2025-03-23 09:36:00,-0.0001823813654482,-1.818989403546e-12,0.0,199.0,-90.375,5.397367679171001e-09,1.023100343139,-2.987682819366e-06,0.001957477070391,7.841736078261999e-06,6493.379291534,34560.0,-2.458691596985e-07,-1.253850864904,2.0861625671389998e-07,0.07387838850857001,-231.12499999999997,-2.966444316953,-4.223033049134e-09,7.032435786321e-10,2359.0,,,2.0,0.0,-1.862645149231e-09,,34764.0
I06,2025-03-23 09:50:24,-0.00018238276243210001,-1.5916157281029998e-12,0.0,200.0,-93.8125,5.345936965447e-09,1.086521851733,-3.12551856041e-06,0.001957176369615,7.543712854385e-06,6493.3772430419995,35424.0,-2.719461917877e-07,-1.253853410382,2.123415470123e-07,0.07387899708249,-222.00000000000003,-2.966858100406,-4.161601918853e-09,6.971718971508e-10,2359.0,,,2.0,0.0,-1.862645149231e-09,,35676.0
I06,2025-03-23 10:05:36,-0.000182384159416,-1.5916157281029998e-12,0.0,200.99999999999997,-95.5,5.374509584183001e-09,1.153384338219,-3.2074749469760002e-06,0.001956977997907,7.271766662597999e-06,6493.3755359649995,36336.0,-2.5704503059389997e-07,-1.253858909491,2.495944499969e-07,0.07387959541597999,-214.0,-2.967209528438,-4.183031382905e-09,7.118153642528001e-10,2359.0,,,2.0,0.0,-1.862645149231e-09,,36636.0
I06,2025-03-23 10:20:48,-0.0001823855563998,-1.477928890381e-12,0.0,202.0,-95.875,5.414511250413e-09,1.220165041732,-3.2410025596619995e-06,0.0019568655407060003,7.044523954390999e-06,6493.374248505,37248.0,-2.384185791016e-07,-1.253865691579,3.1664967536929996e-07,0.07388020252698001,-207.875,-2.967477799819,-4.220175787261e-09,7.378878788491e-10,2359.0,,,2.0,0.0,-1.862645149231e-09,,37500.0
I06,2025-03-23 10:36:00,-0.0001823869533837,-1.477928890381e-12,0.0,202.99999999999997,-95.6875,5.420225774160001e-09,1.28688431,-3.248453140259e-06,0.001956801279448,6.869435310363999e-06,6493.373254776,38160.0,-2.346932888031e-07,-1.253871787559,3.650784492493e-07,0.07388084767386001,-203.25000000000003,-2.967685245991,-4.223033049134e-09,7.568172387615001e-10,2359.0,,,2.0,0.0,-1.862645149231e-09,,38364.0
I06,2025-03-23 10:50:24,-0.00018238788470630003,-1.364242052659e-12,0.0,204.0,-95.25,5.400224941045e-09,1.350052944427,-3.2410025596619995e-06,0.00195676414296,6.735324859619e-06,6493.372501373,39024.0,-2.495944499969e-07,-1.253874981109,3.6135315895079995e-07,0.07388149282073,-199.8125,-2.967845198528,-4.201603585083001e-09,7.539599768879001e-10,2359.0,,,2.0,0.0,-1.862645149231e-09,,39276.0
I06,2025-03-23 11:05:36,-0.0001823883503675,-1.2505552149379999e-12,0.0,204.99999999999997,-95.125,5.388795893551e-09,1.416701384053,-3.2410025596619995e-06,0.001956718624569,6.6235661506649994e-06,6493.371826172,39936.0,-2.5704503059389997e-07,-1.253876281643,3.203749656677e-07,0.07388220672475,-197.0,-2.967986456435,-4.188745906652e-09,7.357449324439001e-10,2359.0,,,2.0,0.0,-1.862645149231e-09,,40188.0
I06,2025-03-23 11:20:48,-0.0001823888160288,-1.136868377216e-12,0.0,206.0,-94.5,5.451655654769e-09,1.483316903634,-3.22237610817e-06,0.0019567088456820003,6.552785634995e-06,6493.371335983,40848.00000000001,-2.235174179077e-07,-1.253874438366,1.899898052216e-07,0.07388284601995,-194.8125,-2.968097926404,-4.250177036933e-09,6.828855877829e-10,2359.0,,,2.0,0.0,-1.862645149231e-09,,41100.0
I06,2025-03-23 11:36:00,-0.00018238928169010002,-1.0231815394949999e-12,0.0,206.99999999999997,-93.8125,5.580232439080001e-09,1.549913081975,-3.1962990760799995e-06,0.001956707565114,6.500631570815999e-06,6493.37093544,41760.0,-1.527369022369e-07,-1.253871402811,6.332993507385e-08,0.07388341216925,-193.0625,-2.96819121669,-4.375896559370001e-09,6.271689812483e-10,2359.0,,,2.0,0.0,-1.862645149231e-09,,41964.0
I06,2025-03-23 11:50:24,-0.0001823897473514,-1.0231815394949999e-12,0.0,208.0,-93.125,5.7088092233900005e-09,1.612982558352,-3.1776726245879996e-06,0.0019567150156940003,6.474554538727e-06,6493.370641708,42624.00000000001,-8.940696716309e-08,-1.253870481173,-7.450580596924e-09,0.07388390517264,-192.0,-2.968255994702,-4.501616081807e-09,5.893102614235e-10,2359.0,,,2.0,0.0,-1.862645149231e-09,,42876.0
I06,2025-03-23 12:05:36,-0.0001823897473514,-7.958078640513001e-13,0.0,209.0,-92.6875,5.778812139293e-09,1.679515978971,-3.170222043991e-06,0.001956726191565,6.474554538727e-06,6493.370534897,43536.0,-5.587935447693e-08,-1.253872559979,-3.3527612686160006e-08,0.07388441719397,-191.625,-2.968281405589,-4.570190366773e-09,5.739524788531e-10,2359.0,,,2.0,0.0,-1.862645149231e-09,,43788.0
I06,2025-03-23 12:20:48,-0.0001823902130127,-7.958078640513001e-13,0.0,210.0,-92.75,5.7445249968100006e-09,1.746003203562,-3.181397914886e-06,0.001956732128747,6.500631570815999e-06,6493.370641708,44448.0,-7.078051567078001e-08,-1.253877661175,-2.607703208923e-08,0.07388495554782,-192.1875,-2.968257617078,-4.533045962417e-09,5.800241603344e-10,2359.0,,,2.0,0.0,-1.862645149231e-09,,44700.0
I06,2025-03-23 12:36:00,-0.0001823902130127,-6.821210263297e-13,0.0,211.0,-93.6875,5.617376843436001e-09,1.812436740522,-3.22237610817e-06,0.001956719555892,6.552785634995e-06,6493.3709983829995,45359.99999999999,-1.229345798492e-07,-1.25388416092,-1.862645149231e-08,0.07388553193755,-193.6875,-2.968178762868,-4.407326439980001e-09,5.978820470442e-10,2359.0,,,2.0,0.0,-1.862645149231e-09,,45612.00000000001
I06,2025-03-23 12:50:24,-0.00018239067867400002,-9.094947017729001e-13,0.0,212.0,-95.5625,5.447369761959e-09,1.875316842154,-3.300607204437e-06,0.001956677762792,6.627291440964e-06,6493.371606827,46224.0,-1.825392246246e-07,-1.253890827437,-2.9802322387700004e-08,0.07388611564186,-195.8125,-2.968046652588,-4.238747989439e-09,6.168114069566e-10,2359.0,,,2.0,0.0,-1.862645149231e-09,,46476.0
I06,2025-03-23 13:05:36,-0.0001823883503675,-1.136868377216e-12,0.0,213.0,-98.9375,5.240218276125e-09,1.94164222997,-3.4309923648829998e-06,0.001956561114639,6.720423698425e-06,6493.372486114999,47135.99999999999,-2.384185791016e-07,-1.253896551836,-6.332993507385e-08,0.07388689098844001,-198.875,-2.967860594278,-4.034453765479001e-09,6.343121359322e-10,2359.0,,,2.0,0.0,-1.862645149231e-09,,47436.0
I06,2025-03-23 13:20:48,-0.00018238928169010002,-1.136868377216e-12,0.0,214.0,-104.0,5.017351849987e-09,2.007888460751,-3.6135315895079995e-06,0.001956403488293,6.821006536484e-06,6493.373760223,48048.0,-2.831220626831e-07,-1.253903525566,-1.117587089539e-07,0.07388757563409999,-202.25,-2.967594109121,-3.817301863088e-09,6.489556030343001e-10,2359.0,,,2.0,0.0,-1.862645149231e-09,,48300.0
I06,2025-03-23 13:36:00,-0.0001823897473514,-9.094947017729001e-13,0.0,215.0,-111.00000000000001,4.784485007291e-09,2.074070302656,-3.855675458908e-06,0.0019561508670450003,6.917864084244e-06,6493.375400543,48960.0,-3.054738044739e-07,-1.253909371387,-1.7508864402769998e-07,0.07388824126183,-205.625,-2.967264421513,-3.590149544139e-09,6.603846505286e-10,2359.0,,,2.0,0.0,-1.862645149231e-09,,49212.0
I06,2025-03-23 13:50:24,-0.00018239067867400002,-1.0231815394949999e-12,0.0,216.0,-119.37500000000001,4.558761319279001e-09,2.136717041058,-4.138797521591e-06,0.001955818384886,6.988644599915e-06,6493.3772583009995,49824.0,-3.091990947723e-07,-1.25391492755,-2.4214386939999996e-07,0.07388890835247,-208.37500000000003,-2.966900298278,-3.374426272685e-09,6.682421206809e-10,2359.0,,,2.0,0.0,-1.862645149231e-09,,50124.00000000001
I06,2025-03-23 14:05:36,-0.0001823916099966,-1.136868377216e-12,0.0,217.0,-129.9375,4.33160900033e-09,2.202798259069,-4.485249519348e-06,0.001955352840014,7.025897502899e-06,6493.37953186,50736.0,-2.8684735298159994e-07,-1.253920119446,-3.129243850708e-07,0.07388961347899001,-210.3125,-2.96647080601,-3.160131632167e-09,6.725280134912e-10,2359.0,,,2.0,0.0,-1.862645149231e-09,,51036.0
I06,2025-03-23 14:20:48,-0.00018239254131910003,-1.136868377216e-12,0.0,218.00000000000003,-142.0625,4.13160066918e-09,2.26884919175,-4.8689544200899995e-06,0.001954763894901,7.018446922302e-06,6493.382070541,51647.99999999999,-2.458691596985e-07,-1.253924601827,-3.688037395477e-07,0.07389030836507,-210.81249999999997,-2.966011828629,-2.9758382413220004e-09,6.732423289596e-10,2359.0,,,2.0,0.0,-1.862645149231e-09,,51900.00000000001
I06,2025-03-23 14:36:00,-0.000182393938303,-1.2505552149379999e-12,0.0,219.0,-155.1875,3.97159400426e-09,2.334880941186,-5.275011062622e-06,0.001954050036147,6.951391696929999e-06,6493.3848609920005,52560.0,-1.862645149231e-07,-1.253928491726,-4.0605664253229993e-07,0.07389098862198,-209.4375,-2.965534358501,-2.832975147643e-09,6.700279093519e-10,2359.0,,,2.0,0.0,-1.862645149231e-09,,52812.0
I06,2025-03-23 14:50:24,-0.00018239486962560002,-1.2505552149379999e-12,0.0,220.00000000000003,-167.9375,3.8687325768120005e-09,2.397441167002,-5.662441253662e-06,0.001953271101229,6.835907697678e-06,6493.3876399989995,53423.99999999999,-1.229345798492e-07,-1.253931419025,-4.1723251342769996e-07,0.07389158988131,-206.1875,-2.965086689476,-2.748685922373e-09,6.646705433389e-10,2359.0,,,2.0,0.0,-1.862645149231e-09,,53724.0
I06,2025-03-23 15:05:36,-0.00018239533528690001,-1.2505552149379999e-12,0.0,221.0,-180.6875,3.80301555372e-09,2.463502426421,-6.038695573807e-06,0.001952350256033,6.657093763351e-06,6493.390676497999,54336.0,-5.587935447693e-08,-1.253933739213,-4.0978193283079996e-07,0.0738923169516,-200.81250000000003,-2.964640509703,-2.707255625206e-09,6.578845463892e-10,2359.0,,,2.0,0.0,-1.862645149231e-09,,54588.0
I06,2025-03-23 15:20:48,-0.0001823967322707,-1.364242052659e-12,0.0,222.00000000000003,-192.875,3.814444601214e-09,2.529596649774,-6.3925981521609994e-06,0.001951381214894,6.426125764846999e-06,6493.39367485,55248.0,-3.725290298462e-09,-1.253936135473,-3.799796104431e-07,0.07389289334132,-193.5,-2.964227280696,-2.7401141367520003e-09,6.482412875659e-10,2359.0,,,2.0,0.0,-1.862645149231e-09,,55548.0
I06,2025-03-23 15:36:00,-0.00018239766359330002,-1.364242052659e-12,0.0,223.0,-203.375,3.871589838686e-09,2.595743308499,-6.6943466663359994e-06,0.001950390986167,6.161630153655999e-06,6493.396572113,56160.0,2.607703208923e-08,-1.253938306444,-3.352761268616e-07,0.07389341267724,-184.875,-2.963866798663,-2.820117469212e-09,6.39312344211e-10,2359.0,,,2.0,0.0,-1.862645149231e-09,,56412.00000000001
I06,2025-03-23 15:50:24,-0.0001823990605772,-1.364242052659e-12,0.0,224.00000000000003,-211.3125,3.957307694893e-09,2.65846768689,-6.921589374542e-06,0.001949479221366,5.893409252167e-06,6493.399110794,57024.0,4.4703483581540004e-08,-1.253940189219,-2.9057264327999997e-07,0.07389386033017,-176.0625,-2.963584661745,-2.924407527598e-09,6.314548740587e-10,2359.0,,,2.0,0.0,-1.862645149231e-09,,57324.0
I06,2025-03-23 16:05:36,-0.000182400457561,-1.364242052659e-12,0.0,225.0,-217.4375,4.0587404914040004e-09,2.724742356799,-7.089227437973e-06,0.0019485894590620001,5.6214630603789995e-06,6493.401500702001,57936.0,4.4703483581540004e-08,-1.253942524036,-2.458691596985e-07,0.07389434894481,-166.8125,-2.963352182119,-3.044412526287e-09,6.250260348431e-10,2359.0,,,2.0,0.0,-1.862645149231e-09,,58188.00000000001
I06,2025-03-23 16:20:48,-0.00018240138888360002,-1.364242052659e-12,0.0,225.99999999999997,-221.25,4.148744240422e-09,2.791086589925,-7.193535566329999e-06,0.001947823562659,5.3793191909790005e-06,6493.403486252,58848.0,3.3527612686160006e-08,-1.253945008071,-2.160668373108e-07,0.07389481854151,-158.5,-2.96318918086,-3.1515598465460004e-09,6.207401420328e-10,2359.0,,,2.0,0.0,-1.862645149231e-09,,59100.0
I06,2025-03-23 16:36:00,-0.0001824027858675,-1.2505552149379999e-12,0.0,227.0,-223.12500000000003,4.2073181088300005e-09,2.857494797922,-7.245689630507999e-06,0.001947233919054,5.193054676056e-06,6493.404966354,59760.0,2.607703208923e-08,-1.253947800782,-1.974403858185e-07,0.0738953349516,-151.8125,-2.963089899925,-3.2215627624490002e-09,6.182400378934e-10,2359.0,,,2.0,0.0,-1.862645149231e-09,,60012.0
I06,2025-03-23 16:50:24,-0.0001824032515287,-1.136868377216e-12,0.0,227.99999999999997,-223.625,4.214461263514e-09,2.920456224633,-7.253140211105e-06,0.001946867443621,5.077570676804e-06,6493.405866623,60624.0,2.2351741790770002e-08,-1.253950605196,-1.899898052216e-07,0.07389585575043,-147.625,-2.963044107663,-3.237277702753e-09,6.17525722425e-10,2359.0,,,2.0,0.0,-1.862645149231e-09,,60923.99999999999
I06,2025-03-23 17:05:36,-0.00018240418285130002,-1.0231815394949999e-12,0.0,229.0,-223.4375,4.165887811663e-09,2.986960534644,-7.245689630507999e-06,0.0019467852544040002,5.058944225311e-06,6493.406080246,61536.0,2.9802322387700004e-08,-1.253953763636,-1.899898052216e-07,0.07389645847267999,-146.9375,-2.963040611289,-3.190132881839e-09,6.178828801592001e-10,2359.0,,,2.0,0.0,-1.862645149231e-09,,61788.0
I06,2025-03-23 17:20:48,-0.00018240557983520002,-1.2505552149379999e-12,0.0,229.99999999999997,-223.5,4.040168289226001e-09,3.05347445749,-7.245689630507999e-06,0.001946879201569,5.096197128295999e-06,6493.405855178999,62448.0,5.2154064178470006e-08,-1.25395650807,-1.825392246246e-07,0.07389711678581999,-148.0,-2.963047154922,-3.0644133594020004e-09,6.168114069566e-10,2359.0,,,2.0,0.0,-1.862645149231e-09,,62699.99999999999
I06,2025-03-23 17:36:00,-0.0001824060454965,-1.0231815394949999e-12,0.0,231.0,-224.5625,3.850160374634001e-09,3.119987618156,-7.279217243195e-06,0.0019472222775220001,5.20795583725e-06,6493.405031204001,63360.0,8.568167686462001e-08,-1.253958866294,-1.639127731323e-07,0.07389783946735,-151.5625,-2.963053313807,-2.868690921063e-09,6.146684605515001e-10,2359.0,,,2.0,0.0,-1.862645149231e-09,,63612.0
I06,2025-03-23 17:50:24,-0.0001824065111578,-9.094947017729001e-13,0.0,231.99999999999997,-227.12500000000003,3.6215794247480003e-09,-3.100203396395,-7.3537230491640005e-06,0.001947761047632,5.371868610382e-06,6493.403743744,64224.0,1.229345798492e-07,-1.253960602778,-1.341104507446e-07,0.07389855776012,-156.875,-2.963041448078,-2.63010955462e-09,6.100254100069e-10,2359.0,,,2.0,0.0,-1.862645149231e-09,,64524.0
I06,2025-03-23 18:05:36,-0.000182406976819,-9.094947017729001e-13,0.0,233.0,-231.99999999999997,3.3444250230120003e-09,-3.033745899762,-7.499009370804e-06,0.001948542427272,5.584210157393999e-06,6493.4018459320005,65136.0,1.527369022369e-07,-1.253961856499,-8.195638656615999e-08,0.07389935212464,-163.875,-2.962992991843,-2.340097474453e-09,6.028822553230001e-10,2359.0,,,2.0,0.0,-1.862645149231e-09,,65436.0
I06,2025-03-23 18:20:48,-0.0001824079081416,-9.094947017729001e-13,0.0,234.0,-239.37499999999997,3.057270204718e-09,-2.967338130641,-7.715076208115e-06,0.0019494958687570002,5.818903446198e-06,6493.399507523,66048.0,1.7136335372919998e-07,-1.253962535293,-1.862645149231e-08,0.07390014356332,-171.5625,-2.962895328895,-2.0357990849180002e-09,5.921675232971001e-10,2359.0,,,2.0,0.0,-1.862645149231e-09,,66348.0
I06,2025-03-23 18:36:00,-0.00018240837380290002,-1.0231815394949999e-12,0.0,235.0,-249.18749999999997,2.782973064856e-09,-2.900989911063,-8.005648851394999e-06,0.0019505752716210002,6.046146154404e-06,6493.396814346,66960.0,1.676380634308e-07,-1.253962718158,4.842877388e-08,0.07390091013240001,-179.0625,-2.962738552353,-1.7429297428770001e-09,5.79309844866e-10,2359.0,,,2.0,0.0,-1.862645149231e-09,,67212.0
I06,2025-03-23 18:50:24,-0.0001824093051255,-9.094947017729001e-13,0.0,236.0,-260.5,2.560106638718e-09,-2.838190926776,-8.340924978256e-06,0.001951669459231,6.243586540221999e-06,6493.3940219880005,67824.0,1.4528632163999998e-07,-1.253962602587,1.080334186554e-07,0.07390160062973,-185.25,-2.96253302114,-1.498633852687e-09,5.653806932324e-10,2359.0,,,2.0,0.0,-1.862645149231e-09,,68124.0
I06,2025-03-23 19:05:36,-0.00018241023644800002,-1.0231815394949999e-12,0.0,237.0,-274.0625,2.3829564025560004e-09,-2.771963591044,-8.746981620789e-06,0.001952861202881,6.403774023056e-06,6493.390878677,68736.0,1.0058283805849999e-07,-1.253962873227,1.601874828339e-07,0.07390226772037,-190.1875,-2.962255117907,-1.298625521537e-09,5.500229106620001e-10,2359.0,,,2.0,0.0,-1.862645149231e-09,,69036.0
I06,2025-03-23 19:20:48,-0.00018241163343190003,-1.136868377216e-12,0.0,238.0,-288.6875,2.2886667607290002e-09,-2.705787764658,-9.190291166306e-06,0.001954022212885,6.508082151413e-06,6493.387712479,69648.0,4.4703483581540004e-08,-1.253963168736,1.862645149231e-07,0.0739028528876,-193.0625,-2.961925589758,-1.182906415657e-09,5.364509167625e-10,2359.0,,,2.0,0.0,-1.862645149231e-09,,69948.0
I06,2025-03-23 19:36:00,-0.0001824120990932,-1.0231815394949999e-12,0.0,239.0,-303.6875,2.182948071406e-09,-2.639662183657,-9.652227163315e-06,0.001955148065463,6.545335054397999e-06,6493.384492874,70560.0,-1.862645149231e-08,-1.253962845432,2.011656761169e-07,0.07390346731320001,-193.625,-2.961546342875,-1.0557582622840001e-09,5.207359764579001e-10,2359.0,,,2.0,0.0,-1.862645149231e-09,,70860.0
I06,2025-03-23 19:50:24,-0.00018241256475450002,-9.094947017729001e-13,0.0,240.0,-318.125,2.038656346791e-09,-2.577058675946,-1.0102987289430002e-05,0.001956169260666,6.5155327320099995e-06,6493.381427765,71424.0,-9.685754776001e-08,-1.253961915016,2.160668373108e-07,0.07390405540627,-192.125,-2.961145804683,-8.914657045534e-10,5.003779856087e-10,2359.0,,,2.0,0.0,-1.862645149231e-09,,71724.0
I06,2025-03-23 20:05:36,-0.0001824134960771,-1.0231815394949999e-12,0.0,241.0,-332.8125,1.935794919343e-09,-2.511013226283,-1.0568648576740001e-05,0.001957176020369,6.422400474547999e-06,6493.378206253,72336.0,-1.7508864402769998e-07,-1.253960953878,2.0861625671389998e-07,0.0739046405735,-188.25,-2.960686865338,-7.671748130532e-10,4.800199947595e-10,2359.0,,,2.0,0.0,-1.862645149231e-09,,72636.0
I06,2025-03-23 20:20:48,-0.00018241489306090002,-1.136868377216e-12,0.0,242.0,-345.9375,2.0172268827390004e-09,-2.444975026841,-1.0997056961060002e-05,0.00195804820396,6.265938282013e-06,6493.375204086,73248.0,-2.123415470123e-07,-1.253962103732,1.564621925354e-07,0.07390509554102,-182.625,-2.960218468227,-8.314632052085001e-10,4.732339978098e-10,2359.0,,,2.0,0.0,-1.862645149231e-09,,73548.0
I06,2025-03-23 20:36:00,-0.0001824162900448,-1.364242052659e-12,0.0,243.00000000000003,-356.75,2.381527771619e-09,-2.37891462908,-1.136586070061e-05,0.001958751468919,6.0722231864929995e-06,6493.372545242,74160.0,-1.527369022369e-07,-1.253967240037,6.705522537231e-08,0.07390539397631,-175.8125,-2.959768193746,-1.1800491537840002e-09,4.946634618616e-10,2359.0,,,2.0,0.0,-1.862645149231e-09,,74460.0
I06,2025-03-23 20:50:24,-0.0001824176870286,-1.477928890381e-12,0.0,244.0,-364.375,2.818688838275e-09,-2.316283241077,-1.164153218269e-05,0.001959248329513,5.8710575103759994e-06,6493.370449066,75024.0,-3.725290298462e-08,-1.253974474167,3.725290298462e-09,0.0739056441353,-169.0625,-2.959387014348,-1.608638434819e-09,5.318078662179999e-10,2359.0,,,2.0,0.0,-1.862645149231e-09,,75372.0
I06,2025-03-23 21:05:36,-0.00018241908401250002,-1.364242052659e-12,0.0,245.00000000000003,-369.3125,3.1187013350000003e-09,-2.250090573578,-1.1842697858810001e-05,0.001959593151696,5.6736171245570004e-06,6493.368766785,75936.0,5.960464477539e-08,-1.253980713513,-2.607703208923e-08,0.07390602888275,-162.75,-2.959067711996,-1.902936407797e-09,5.621662736246e-10,2359.0,,,2.0,0.0,-1.862645149231e-09,,76236.0
I06,2025-03-23 21:20:48,-0.00018242048099640002,-1.477928890381e-12,0.0,246.0,-371.5,3.1801324652820003e-09,-2.183796138183,-1.195445656776e-05,0.001959761953913,5.502253770828e-06,6493.367710114,76848.0,7.82310962677e-08,-1.253983516464,-4.0978193283079996e-08,0.0739065262749,-157.875,-2.958853505679,-1.964367538078e-09,5.660950087008e-10,2359.0,,,2.0,0.0,-1.862645149231e-09,,77148.0
I06,2025-03-23 21:36:00,-0.0001824218779802,-1.364242052659e-12,0.0,247.00000000000003,-371.375,3.0929859781380003e-09,-2.117383226905,-1.199170947075e-05,0.001959784538485,5.397945642471e-06,6493.367290497,77760.0,3.725290298462e-08,-1.253982900575,-7.450580596924e-08,0.07390709973879,-155.4375,-2.958761109236,-1.8815069437450003e-09,5.460941755858e-10,2359.0,,,2.0,0.0,-1.862645149231e-09,,78060.0
I06,2025-03-23 21:50:24,-0.00018242327496410002,-1.477928890381e-12,0.0,248.0,-369.8125,3.0072681219309998e-09,-2.054346543299,-1.1973083019260002e-05,0.0019596990896390003,5.371868610382e-06,6493.367502213,78624.0,-3.725290298462e-09,-1.253981695131,-1.192092895508e-07,0.07390762931513,-155.6875,-2.958793338785,-1.801503611285e-09,5.228789228631001e-10,2359.0,,,2.0,0.0,-1.862645149231e-09,,78972.0
I06,2025-03-23 22:05:36,-0.0001824237406254,-1.136868377216e-12,0.0,249.00000000000003,-367.625,2.9986963363100005e-09,-1.987690865154,-1.192465424538e-05,0.001959542161785,5.4277479648589995e-06,6493.36828804,79536.0,-3.725290298462e-09,-1.253982534846,-1.4528632163999998e-07,0.07390813255895,-158.6875,-2.958942184847,-1.804360873159e-09,5.150214527108e-10,2359.0,,,2.0,0.0,-1.862645149231e-09,,79836.0
I06,2025-03-23 22:20:48,-0.00018242467194800002,-1.136868377216e-12,0.0,250.0,-365.625,3.0686992522130003e-09,-1.920935982146,-1.1872500181200002e-05,0.001959359040484,5.565583705902e-06,6493.369524002001,80448.0,3.725290298462e-08,-1.25398711378,-9.685754776001e-08,0.07390859191523,-164.125,-2.95918651411,-1.887221467492e-09,5.389510209019e-10,2359.0,,,2.0,0.0,-1.862645149231e-09,,80748.0
I06,2025-03-23 22:36:00,-0.00018242467194800002,-6.821210263297e-13,0.0,250.99999999999997,-364.375,3.145845322799e-09,-1.854103418187,-1.1831521987920001e-05,0.001959182438441,5.766749382019e-06,6493.371112823,81359.99999999999,8.940696716309e-08,-1.253995241752,2.9802322387700004e-08,0.07390905566026,-171.3125,-2.959505011857,-1.97722521651e-09,5.921675232971001e-10,2359.0,,,2.0,0.0,-1.862645149231e-09,,81660.0
I06,2025-03-23 22:50:24,-0.00018242513760920002,-6.821210263297e-13,0.0,252.0,-364.125,3.162988894041e-09,-1.790738616686,-1.182034611702e-05,0.001959041575901,6.005167961120999e-06,6493.372831345,82224.0,1.080334186554e-07,-1.254004054371,1.862645149231e-07,0.07390955158949,-179.1875,-2.959855423162,-2.007226466182e-09,6.543129690472e-10,2359.0,,,2.0,0.0,-1.862645149231e-09,,82524.0
I06,2025-03-23 23:05:36,-0.00018242513760920002,-6.821210263297e-13,0.0,252.99999999999997,-364.6875,3.122987227811e-09,-1.723817215563,-1.1831521987920001e-05,0.001958920503967,6.284564733505e-06,6493.374826431001,83135.99999999999,9.313225746155001e-08,-1.254013064483,3.054738044739e-07,0.07391017479259,-187.9375,-2.960262007595,-1.978653847446e-09,7.011006322269e-10,2359.0,,,2.0,0.0,-1.862645149231e-09,,83436.0
I06,2025-03-23 23:20:48,-0.00018242513760920002,-6.821210263297e-13,0.0,254.0,-366.625,3.0901287162650004e-09,-1.656884725522,-1.189112663269e-05,0.001958858687431,6.582587957382e-06,6493.376823425,84048.0,8.195638656615999e-08,-1.254015852805,3.2410025596619997e-07,0.07391081408779,-197.0,-2.960685951014,-1.9572243833950003e-09,7.103867333160001e-10,2359.0,,,2.0,0.0,-1.862645149231e-09,,84347.99999999999
I06,2025-03-23 23:36:00,-0.0001824256032705,-5.684341886081e-13,0.0,254.99999999999997,-369.625,3.162988894041e-09,-1.589932032582,-1.199170947075e-05,0.001958840643056,6.884336471558e-06,6493.378919600999,84960.0,1.266598701477e-07,-1.254013908587,2.533197402954e-07,0.07391143729089,-206.12499999999997,-2.961134905943,-2.042942239602e-09,6.7752822177e-10,2359.0,,,2.0,0.0,-1.862645149231e-09,,85260.0
I06,2025-03-23 23:50:24,-0.0001824260689318,-7.958078640513001e-13,0.0,160.0,-373.4375,3.334424606455e-09,-1.526493634599,-1.2125819921490002e-05,0.0019588634604590003,7.167458534241e-06,6493.380949019999,85824.0,2.197921276093e-07,-1.254009829971,1.7136335372919998e-07,0.07391197710767,-214.62500000000003,-2.961572085845,-2.224378368573e-09,6.321691895271e-10,2359.0,,,2.0,0.0,-1.862645149231e-09,,86172.0
I09,2025-03-23 00:00:00,0.0001708907075226,4.3200998334209994e-11,0.0,0.0,-511.5,2.692969315838e-09,-0.5466231102581001,-1.6689300537110002e-05,0.00198230787646,1.5832483768459999e-06,6493.448385238999,0.0,-9.313225746155001e-08,-1.735233579558,7.078051567078001e-08,0.5047395857097,43.1875,-3.040640419084,-2.4886750918780002e-09,4.671623163285e-10,2359.0,,,2.0,0.0,-1.862645149231e-09,,12.0
I09,2025-03-23 02:00:00,0.0001712013036013,4.3087311496489994e-11,0.0,1.0,-514.5625,2.798688005161e-09,-0.02173713986198,-1.6752630472180002e-05,0.00197776092682,3.1031668186189997e-06,6493.437513351,7200.0,-1.3783574104309998e-07,-1.735251571987,5.960464477539e-08,0.5047428363137,-8.125,-3.040487437352,-2.517247710614e-09,4.693052627337e-10,2359.0,,,2.0,0.0,-1.862645149231e-09,,7212.0
I09,2025-03-23 04:00:00,0.0001715100370347,4.3087311496489994e-11,0.0,2.0,-555.125,2.9929818125630002e-09,0.5039692028088,-1.799687743187e-05,0.001971108024009,4.9285590648650005e-06,6493.421075821,14400.0,-1.825392246246e-07,-1.735270396817,-2.9802322387700004e-08,0.5047458645541,-68.75,-3.041148240374,-2.604394197758e-09,4.857345185067001e-10,2359.0,,,2.0,0.0,-1.862645149231e-09,,14412.0
I09,2025-03-23 06:00:00,0.00017181923612950002,4.2973624658769993e-11,0.0,3.0,-477.68750000000006,2.870119552e-09,1.026017792388,-1.5780329704280003e-05,0.001976124942303,5.7555735111239994e-06,6493.43986702,21600.0,-1.303851604462e-07,-1.73528976439,-7.450580596924e-08,0.5047493287441001,-98.875,-3.038150579326,-2.642967233051e-09,5.057353516217e-10,2359.0,,,2.0,0.0,-1.862645149231e-09,,21612.0
I09,2025-03-23 08:00:00,0.0001721289008856,4.2973624658769993e-11,0.0,4.0,-472.4375,2.870119552e-09,1.55163351021,-1.5627592802050003e-05,0.001976252649911,5.222856998443999e-06,6493.437244415,28800.0,-1.303851604462e-07,-1.735308106457,-1.639127731323e-07,0.5047529158193,-86.0625,-3.038725127236,-2.642967233051e-09,4.71805366873e-10,2359.0,,,2.0,0.0,-1.862645149231e-09,,28812.000000000004
I09,2025-03-23 10:00:00,0.0001724385656416,4.2973624658769993e-11,0.0,5.0,-417.375,3.012982645678e-09,2.08081602858,-1.364946365356e-05,0.0019781021401290002,2.797693014145e-06,6493.417039871,36000.0,7.450580596924e-09,-1.735326072554,-1.788139343262e-07,0.5047559879472,-13.375,-3.042862773048,-2.7015411014590003e-09,4.1716023354100007e-10,2359.0,,,2.0,0.0,-1.862645149231e-09,,36012.0
I09,2025-03-23 12:00:00,0.0001727491617203,4.2973624658769993e-11,0.0,6.0,-376.4375,3.1544171084200003e-09,2.607438874798,-1.2412667274480002e-05,0.0019801921444010002,2.596527338028e-06,6493.408082962,43200.0,6.332993507385e-08,-1.735345064156,-5.960464477539e-08,0.5047585070921999,-5.5,-3.044435149584,-2.787258957666e-09,3.84301721995e-10,2359.0,,,2.0,0.0,-1.862645149231e-09,,43212.0
I09,2025-03-23 14:00:00,0.0001730611547828,4.3087311496489994e-11,0.0,7.0,-403.875,2.9901245506900004e-09,3.131365470832,-1.320615410805e-05,0.001970856799744,-3.3900141716e-07,6493.431310653999,50400.0,5.960464477539e-08,-1.735365104671,-2.9802322387700004e-08,0.5047611637514,93.125,-3.043313015346,-2.8001166360970004e-09,3.796586714504e-10,2359.0,,,2.0,0.0,-1.862645149231e-09,,50412.0
I09,2025-03-23 16:00:00,0.0001733680255711,4.285993782104999e-11,0.0,8.0,-369.25,2.8115456835920004e-09,-2.626196471853,-1.215189695358e-05,0.001965380623005,-1.847743988037e-06,6493.44477272,57600.0,9.685754776001e-08,-1.735384482484,7.450580596924e-08,0.5047643382836,143.0625,-3.043894453599,-2.707255625206e-09,3.6001499606970004e-10,2359.0,,,2.0,0.0,-1.862645149231e-09,,57612.0
I09,2025-03-23 18:00:00,0.0001736786216497,4.285993782104999e-11,0.0,9.0,-442.1875,2.8672622901260002e-09,-2.104257317324,-1.4401972293850002e-05,0.001969942473806,-2.950429916382e-06,6493.426410675,64800.00000000001,-5.587935447693e-08,-1.735402464673,1.229345798492e-07,0.5047671295313,181.6875,-3.040793501758,-2.622966399936e-09,3.0215544312990004e-10,2359.0,,,2.0,0.0,-1.862645149231e-09,,64812.0
I09,2025-03-23 20:00:00,0.0001739873550832,4.285993782104999e-11,0.0,10.0,-458.1875,2.95869467008e-09,-1.582763510168,-1.5016645193100001e-05,0.001971403835341,-5.4426491260530004e-06,6493.409179688,72000.0,-7.450580596924e-08,-1.735420835998,4.4703483581540004e-08,0.5047692653917001,257.875,-3.037240843238,-2.620109138062e-09,2.7465429759680003e-10,2359.0,,,2.0,0.0,-1.862645149231e-09,,72012.0
I09,2025-03-23 22:00:00,0.0001742970198393,4.285993782104999e-11,0.0,11.0,-463.875,3.024411693172e-09,-1.057449068621,-1.546368002892e-05,0.001971604651771,-5.155801773071e-06,6493.410442352,79200.0,7.450580596924e-09,-1.735439068346,3.3527612686160006e-08,0.504771045763,253.5,-3.037505833293,-2.657253542419e-09,2.4000999737980003e-10,2359.0,,,2.0,0.0,-1.862645149231e-09,,79212.0
I10,2025-03-23 00:00:00,0.0008551422506571001,-1.2505552149379999e-12,0.0,0.0,-129.3125,7.574601226831e-09,0.2250066255491,-4.317611455916999e-06,0.0007180216489360001,5.703419446945e-06,6493.344669342,0.0,1.527369022369e-07,1.370170001995,-1.862645149231e-08,0.05734486727247,-175.625,0.6650228504025,-6.500270762369001e-09,-7.550314500905e-10,2359.0,,,2.0,0.0,-3.259629011154e-09,,12.0
I10,2025-03-23 02:00:00,0.00085513247177,-1.2505552149379999e-12,0.0,1.0,-129.8125,7.73460789175e-09,0.7521176065687001,-4.317611455916999e-06,0.0007169317686930001,5.085021257401e-06,6493.340536117999,7200.0,1.862645149231e-07,1.370121326321,-2.2351741790770002e-08,0.05733946764184,-153.0,0.6630122669965001,-6.623133022932e-09,-7.443167180646001e-10,2359.0,,,2.0,0.0,-3.259629011154e-09,,7212.0
I10,2025-03-23 04:00:00,0.0008551226928829999,-1.2505552149379999e-12,0.0,2.0,-108.625,7.73032199894e-09,1.283891213257,-3.717839717865e-06,0.0007144813425839,3.363937139511e-06,6493.327573776,14400.0,1.415610313416e-07,1.370063811697,1.4528632163999998e-07,0.05733441472279,-98.8125,0.6563508402642001,-6.535986535788e-09,-6.757424330990001e-10,2359.0,,,2.0,0.0,-3.259629011154e-09,,14412.0
I10,2025-03-23 06:00:00,0.0008551133796573,-1.2505552149379999e-12,0.0,3.0,-110.125,6.587417249513e-09,1.808915242158,-3.919005393982e-06,0.0007143808761612,3.281980752945e-06,6493.327688216999,21600.0,-7.450580596924e-09,1.370005479302,-7.450580596924e-09,0.0573302966084,-96.625,0.6564423472529,-5.371652322309e-09,-6.082396213359e-10,2359.0,,,2.0,0.0,-3.259629011154e-09,,21612.0
I10,2025-03-23 08:00:00,0.0008551036007702002,-1.136868377216e-12,0.0,4.0,-170.75,6.200258265644e-09,2.325253075004,-5.904585123061999e-06,0.0007114065811038001,1.5832483768459999e-06,6493.344310760001,28800.0,2.0861625671389998e-07,1.369966378427,9.685754776001e-08,0.05732593711252,-51.375,0.6651980363054001,-5.0544962543430005e-09,-6.378837132742e-10,2359.0,,,2.0,0.0,-3.259629011154e-09,,28812.000000000004
I10,2025-03-23 10:00:00,0.0008551022037864,-9.094947017729001e-13,0.0,5.0,-165.375,9.194668709144001e-09,2.842848302031,-5.64381480217e-06,0.0007042402867228,-1.30757689476e-06,6493.3658981319995,36000.0,-2.0861625671389998e-07,1.369912317752,9.685754776001e-08,0.05731926620608,44.0625,0.6727053676216,-8.203198839016001e-09,-6.371693978058e-10,2359.0,,,2.0,0.0,-3.259629011154e-09,,36012.0
I10,2025-03-23 12:00:00,0.0008550942875445,-4.547473508865e-13,0.0,6.0,-218.43750000000003,1.057472619408e-08,-2.916235375355,-7.204711437225e-06,0.0007089908467606,-1.3895332813259998e-06,6493.354385375999,43200.0,-1.825392246246e-07,1.369835198563,-1.117587089539e-07,0.057314178177,47.8125,0.6737277249955,-9.497538467742001e-09,-5.903817346261e-10,2359.0,,,2.0,0.0,-3.259629011154e-09,,43212.0
I10,2025-03-23 14:00:00,0.0008550831116735999,-9.094947017729001e-13,0.0,7.0,-282.125,1.156048154046e-08,-2.397990460557,-9.153038263320999e-06,0.0007169548189268001,-3.639608621597e-06,6493.331768036,50400.0,1.080334186554e-07,1.369740871068,1.080334186554e-07,0.05730995034375,125.6875,0.6806293131372,-1.0311858101710002e-08,-4.4323274813730003e-10,2359.0,,,2.0,0.0,-3.259629011154e-09,,50412.0
I10,2025-03-23 16:00:00,0.0008550733327866001,-1.2505552149379999e-12,0.0,8.0,-280.3125,1.106188934352e-08,-1.868840800789,-9.149312973022e-06,0.0007145159179345,-2.618879079819e-06,6493.340761185001,57600.0,-3.3527612686160006e-08,1.369680648582,-2.0489096641539998e-07,0.05730612920173,83.5625,0.6765942120304,-9.908984177536001e-09,-5.418082827755e-10,2359.0,,,2.0,0.0,-3.259629011154e-09,,57612.0
I10,2025-03-23 18:00:00,0.0008550551719964,-1.818989403546e-12,0.0,9.0,-340.9375,1.29562539657e-08,-1.336148058764,-1.111254096031e-05,0.0007151799509302001,-2.577900886536e-06,6493.3537826540005,64800.00000000001,2.458691596985e-07,1.369628738397,2.9802322387700004e-08,0.05730098704468001,84.8125,0.6690064202199001,-1.18804948703e-08,-6.625275969337e-10,2359.0,,,2.0,0.0,-3.259629011154e-09,,64812.0
I10,2025-03-23 18:52:00,0.0008550514467061,-1.136868377216e-12,0.0,236.0,-372.0,1.290482325197e-08,-1.104543827747,-1.2051314115520001e-05,0.0007161335088313,-3.010034561157e-06,6493.36107254,67920.0,1.639127731323e-07,1.369593094398,1.4901161193850002e-08,0.05729899893901,98.0,0.6649588974757,-1.1879066239360001e-08,-6.503842339711e-10,2359.0,,,2.0,0.0,-3.259629011154e-09,,68172.0
I10,2025-03-23 19:05:36,0.0008550505153835,-7.958078640513001e-13,0.0,237.0,-376.75,1.276481742017e-08,-1.044307988579,-1.218169927597e-05,0.0007164078997448,-3.1329691410059996e-06,6493.3624897,68736.0,1.601874828339e-07,1.36958348449,-1.117587089539e-08,0.05729851325021001,102.25,0.6642380109451,-1.175048945505e-08,-6.453840256923e-10,2359.0,,,2.0,0.0,-3.259629011154e-09,,69036.0
I10,2025-03-23 19:20:48,0.0008550495840609001,-9.094947017729001e-13,0.0,238.0,-379.9375,1.256338045808e-08,-0.9772456865026,-1.2263655662540002e-05,0.0007166605209932001,-3.2410025596619995e-06,6493.363603592,69648.0,1.7508864402769998e-07,1.369572310721,-3.725290298462e-08,0.057298030487240005,106.25,0.6636928720778,-1.155762427859e-08,-6.410981328820001e-10,2359.0,,,2.0,0.0,-3.259629011154e-09,,69900.0
I10,2025-03-23 19:36:00,0.0008550486527383001,-9.094947017729001e-13,0.0,239.0,-381.0,1.233908540101e-08,-0.9104777747453,-1.228600740433e-05,0.0007168169831857001,-3.2968819141389998e-06,6493.36416626,70560.0,1.974403858185e-07,1.369561290559,-5.960464477539e-08,0.05729756674221,108.74999999999999,0.6634419596835001,-1.134190100713e-08,-6.378837132742e-10,2359.0,,,2.0,0.0,-3.259629011154e-09,,70812.0
I10,2025-03-23 19:50:24,0.0008550472557545,-1.0231815394949999e-12,0.0,240.0,-380.3125,1.2130505284240001e-08,-0.847495899366,-1.225993037224e-05,0.0007168389856815,-3.281980752945e-06,6493.364156723,71424.0,2.2724270820619997e-07,1.369551067688,-7.078051567078001e-08,0.05729713225554,109.00000000000001,0.6634759769176001,-1.11347495213e-08,-6.368122400716001e-10,2359.0,,,2.0,0.0,-3.259629011154e-09,,71772.0
I10,2025-03-23 20:05:36,0.0008550463244319,-7.958078640513001e-13,0.0,241.0,-378.5,1.19347828459e-08,-0.7812965390169001,-1.2207776308060002e-05,0.0007166884606704001,-3.188848495483e-06,6493.363512039,72336.0,2.607703208923e-07,1.369540411793,-6.705522537231e-08,0.057296667047590004,106.5,0.6637932867748,-1.093616982108e-08,-6.371693978058e-10,2359.0,,,2.0,0.0,-3.259629011154e-09,,72636.0
I10,2025-03-23 20:20:48,0.0008550453931092999,-9.094947017729001e-13,0.0,242.0,-376.3125,1.1783347966599999e-08,-0.7153322476594001,-1.215189695358e-05,0.0007163407281041,-3.00258398056e-06,6493.362264633,73248.0,2.8684735298159994e-07,1.369530259141,-5.587935447693e-08,0.05729617550712,100.875,0.6643452091932001,-1.07775917871e-08,-6.389551864768001e-10,2359.0,,,2.0,0.0,-3.259629011154e-09,,73548.0
I10,2025-03-23 20:36:00,0.0008550435304642001,-1.136868377216e-12,0.0,243.00000000000003,-374.75,1.1686201062899999e-08,-0.6495590002368,-1.2114644050600001e-05,0.0007157735526562,-2.7380883693700002e-06,6493.360395432,74160.0,3.0174851417539995e-07,1.369520466367,-3.3527612686160006e-08,0.05729564885661,92.375,0.6650878756482,-1.066758720497e-08,-6.418124483504001e-10,2359.0,,,2.0,0.0,-3.259629011154e-09,,74460.0
I10,2025-03-23 20:50:24,0.0008550421334803,-1.136868377216e-12,0.0,244.0,-374.5625,1.1647628027600001e-08,-0.5873453923789,-1.2122094631200001e-05,0.0007150542223826001,-2.4326145648959996e-06,6493.358190536,75024.0,3.054738044739e-07,1.369511156357,-1.117587089539e-08,0.05729512074318,82.125,0.6658894435739,-1.061187059843e-08,-6.446697102239e-10,2359.0,,,2.0,0.0,-3.259629011154e-09,,75372.0
I10,2025-03-23 21:05:36,0.0008550421334803,-9.094947017729001e-13,0.0,245.00000000000003,-376.3125,1.1654771182290001e-08,-0.5216643834041,-1.2185424566270002e-05,0.0007141815731302,-2.074986696243e-06,6493.355709076,75936.0,2.9802322387700003e-07,1.369502434439,7.450580596924e-09,0.057294572148910004,70.0,0.6667234678,-1.059901292e-08,-6.475269720975e-10,2359.0,,,2.0,0.0,-3.259629011154e-09,,76236.0
I10,2025-03-23 21:20:48,0.0008550407364964,-1.136868377216e-12,0.0,246.0,-380.125,1.1696201479449999e-08,-0.4559666869227,-1.230463385582e-05,0.0007131603779271,-1.713633537292e-06,6493.352888107001,76848.0,2.8684735298159994e-07,1.369492445635,1.862645149231e-08,0.057293965037900005,57.5,0.6675421167572,-1.0619013753119999e-08,-6.496699185027001e-10,2359.0,,,2.0,0.0,-3.259629011154e-09,,77148.0
I10,2025-03-23 21:36:00,0.0008550388738513,-1.2505552149379999e-12,0.0,247.00000000000003,-385.75,1.175334671692e-08,-0.3901519891792,-1.2475997209550002e-05,0.0007121064700186001,-1.382082700729e-06,6493.350084305,77760.0,2.719461917877e-07,1.369482329556,2.607703208923e-08,0.05729335061231,45.875,0.6682439780382001,-1.065472952654e-08,-6.510985494395e-10,2359.0,,,2.0,0.0,-3.259629011154e-09,,78012.0
I10,2025-03-23 21:50:24,0.0008550370112062,-1.136868377216e-12,0.0,248.0,-392.0625,1.180477743065e-08,-0.3276493277268,-1.2662261724470001e-05,0.0007111625745893001,-1.121312379837e-06,6493.347654343001,78624.0,2.607703208923e-07,1.369472595299,2.9802322387700004e-08,0.05729277422259,36.6875,0.6687572326059,-1.068615940715e-08,-6.518128649079e-10,2359.0,,,2.0,0.0,-3.259629011154e-09,,78972.0
I10,2025-03-23 22:05:36,0.0008550356142223001,-1.2505552149379999e-12,0.0,249.00000000000003,-398.8125,1.18376359422e-08,-0.2614967646642,-1.2855976819990002e-05,0.0007103100651875001,-9.201467037201e-07,6493.345518112,79536.0,2.533197402954e-07,1.369462414852,2.9802322387700004e-08,0.05729217881493,29.5,0.6691214480055,-1.070187434745e-08,-6.525271803762001e-10,2359.0,,,2.0,0.0,-3.259629011154e-09,,79836.0
I10,2025-03-23 22:20:48,0.0008550342172384,-1.0231815394949999e-12,0.0,250.0,-404.43749999999994,1.183335004938e-08,-0.19517734848,-1.301988959312e-05,0.0007096806075424,-7.972121238708e-07,6493.34397316,80448.0,2.495944499969e-07,1.369452385086,3.3527612686160006e-08,0.05729160535104,25.125,0.6693187210456001,-1.068473077621e-08,-6.535986535788e-10,2359.0,,,2.0,0.0,-3.259629011154e-09,,80748.0
I10,2025-03-23 22:36:00,0.0008550332859159002,-9.094947017729001e-13,0.0,250.99999999999997,-407.8125,1.1787633859410001e-08,-0.1287285064704,-1.3116747140880002e-05,0.0007093382300809001,-7.450580596924e-07,6493.3431510929995,81359.99999999999,2.495944499969e-07,1.369442721049,4.0978193283079996e-08,0.05729105090509,23.3125,0.6693862464183,-1.063187143155e-08,-6.55741599984e-10,2359.0,,,2.0,0.0,-3.259629011154e-09,,81660.0
I10,2025-03-23 22:50:24,0.0008550332859159002,-6.821210263297e-13,0.0,252.0,-408.1875,1.170905915788e-08,-0.06571356914249,-1.313164830208e-05,0.000709306448698,-7.450580596924e-07,6493.343080521,82224.0,2.458691596985e-07,1.369433925986,5.587935447693e-08,0.057290541809600005,23.25,0.6693864760964,-1.055329673003e-08,-6.589560195918e-10,2359.0,,,2.0,0.0,-3.259629011154e-09,,82571.99999999999
I10,2025-03-23 23:05:36,0.0008550337515771001,-5.684341886081e-13,0.0,252.99999999999997,-405.12499999999994,1.159048279013e-08,0.0007975288088475,-1.3049691915510001e-05,0.0007095946930349,-7.674098014832e-07,6493.3437442780005,83135.99999999999,2.346932888031e-07,1.369427234598,7.450580596924e-08,0.0572900239366,23.9375,0.6693889308730001,-1.044043488602e-08,-6.635990701363001e-10,2359.0,,,2.0,0.0,-3.259629011154e-09,,83484.0
I10,2025-03-23 23:20:48,0.0008550328202546001,-7.958078640513001e-13,0.0,254.0,-398.8125,1.1464763267689999e-08,0.06725713935839,-1.2870877981190003e-05,0.0007101668743417001,-7.860362529755e-07,6493.345119476,84048.0,2.197921276093e-07,1.369418679453,8.940696716309e-08,0.0572894899715,24.5625,0.6694445832025,-1.032614441108e-08,-6.696707516177e-10,2359.0,,,2.0,0.0,-3.259629011154e-09,,84347.99999999999
I10,2025-03-23 23:36:00,0.000855031888932,-7.958078640513001e-13,0.0,254.99999999999997,-389.875,1.1337615114320002e-08,0.13360488495120001,-1.262128353119e-05,0.0007109711878002,-7.748603820800999e-07,6493.347076416,84960.0,2.011656761169e-07,1.369410381782,1.0430812835689999e-07,0.057288950154730005,24.0,0.6696118093682001,-1.021471119801e-08,-6.768139063016e-10,2359.0,,,2.0,0.0,-3.259629011154e-09,,85260.0
